p3,date_known,ub,p4,algo,p1,p2,mean_run,iteration,real_cost
0.0,false,10,0.0,dsaD0.7,0.7,1.0,1,0,43188
0.0,false,10,0.0,dsaD0.7,0.7,1.0,1,1,40300
0.0,false,10,0.0,dsaD0.7,0.7,1.0,1,2,38863
0.0,false,10,0.0,dsaD0.7,0.7,1.0,1,3,36454
0.0,false,10,0.0,dsaD0.7,0.7,1.0,1,4,36451
0.0,false,10,0.0,dsaD0.7,0.7,1.0,1,5,35983
0.0,false,10,0.0,dsaD0.7,0.7,1.0,1,6,35470
0.0,false,10,0.0,dsaD0.7,0.7,1.0,1,7,34428
0.0,false,10,0.0,dsaD0.7,0.7,1.0,1,8,34098
0.0,false,10,0.0,dsaD0.7,0.7,1.0,1,9,33824
0.0,false,10,0.0,dsaD0.7,0.7,1.0,1,10,33760
0.0,false,10,0.0,dsaD0.7,0.7,1.0,1,11,33786
0.0,false,10,0.0,dsaD0.7,0.7,1.0,1,12,33631
0.0,false,10,0.0,dsaD0.7,0.7,1.0,1,13,33359
0.0,false,10,0.0,dsaD0.7,0.7,1.0,1,14,33514
0.0,false,10,0.0,dsaD0.7,0.7,1.0,1,15,33332
0.0,false,10,0.0,dsaD0.7,0.7,1.0,1,16,33321
0.0,false,10,0.0,dsaD0.7,0.7,1.0,1,17,33313
0.0,false,10,0.0,dsaD0.7,0.7,1.0,1,18,33256
0.0,false,10,0.0,dsaD0.7,0.7,1.0,1,19,33217
0.0,false,10,0.0,dsaD0.7,0.7,1.0,1,20,33217
0.0,false,10,0.0,dsaD0.7,0.7,1.0,1,21,33217
0.0,false,10,0.0,dsaD0.7,0.7,1.0,1,22,33217
0.0,false,10,0.0,dsaD0.7,0.7,1.0,1,23,33217
0.0,false,10,0.0,dsaD0.7,0.7,1.0,1,24,33217
0.0,false,10,0.0,dsaD0.7,0.7,1.0,1,25,33217
0.0,false,10,0.0,dsaD0.7,0.7,1.0,1,26,33217
0.0,false,10,0.0,dsaD0.7,0.7,1.0,1,27,33217
0.0,false,10,0.0,dsaD0.7,0.7,1.0,1,28,33217
0.0,false,10,0.0,dsaD0.7,0.7,1.0,1,29,33217
0.0,false,10,0.0,dsaD0.7,0.7,1.0,1,30,33217
0.0,false,10,0.0,dsaD0.7,0.7,1.0,1,31,33217
0.0,false,10,0.0,dsaD0.7,0.7,1.0,1,32,33217
0.0,false,10,0.0,dsaD0.7,0.7,1.0,1,33,33217
0.0,false,10,0.0,dsaD0.7,0.7,1.0,1,34,33217
0.0,false,10,0.0,dsaD0.7,0.7,1.0,1,35,33217
0.0,false,10,0.0,dsaD0.7,0.7,1.0,1,36,33217
0.0,false,10,0.0,dsaD0.7,0.7,1.0,1,37,33217
0.0,false,10,0.0,dsaD0.7,0.7,1.0,1,38,33217
0.0,false,10,0.0,dsaD0.7,0.7,1.0,1,39,33217
0.0,false,10,0.0,dsaD0.7,0.7,1.0,1,40,33217
0.0,false,10,0.0,dsaD0.7,0.7,1.0,1,41,33217
0.0,false,10,0.0,dsaD0.7,0.7,1.0,1,42,33217
0.0,false,10,0.0,dsaD0.7,0.7,1.0,1,43,33217
0.0,false,10,0.0,dsaD0.7,0.7,1.0,1,44,33217
0.0,false,10,0.0,dsaD0.7,0.7,1.0,1,45,33217
0.0,false,10,0.0,dsaD0.7,0.7,1.0,1,46,33217
0.0,false,10,0.0,dsaD0.7,0.7,1.0,1,47,33217
0.0,false,10,0.0,dsaD0.7,0.7,1.0,1,48,33217
0.0,false,10,0.0,dsaD0.7,0.7,1.0,1,49,33217
0.0,false,10,0.0,dsaD0.7,0.7,1.0,1,50,33217
0.0,false,10,0.0,dsaD0.7,0.7,1.0,1,51,33217
0.0,false,10,0.0,dsaD0.7,0.7,1.0,1,52,33217
0.0,false,10,0.0,dsaD0.7,0.7,1.0,1,53,33217
0.0,false,10,0.0,dsaD0.7,0.7,1.0,1,54,33217
0.0,false,10,0.0,dsaD0.7,0.7,1.0,1,55,33217
0.0,false,10,0.0,dsaD0.7,0.7,1.0,1,56,33217
0.0,false,10,0.0,dsaD0.7,0.7,1.0,1,57,33217
0.0,false,10,0.0,dsaD0.7,0.7,1.0,1,58,33217
0.0,false,10,0.0,dsaD0.7,0.7,1.0,1,59,33217
0.0,false,10,0.0,dsaD0.7,0.7,1.0,1,60,33217
0.0,false,10,0.0,dsaD0.7,0.7,1.0,1,61,33217
0.0,false,10,0.0,dsaD0.7,0.7,1.0,1,62,33217
0.0,false,10,0.0,dsaD0.7,0.7,1.0,1,63,33217
0.0,false,10,0.0,dsaD0.7,0.7,1.0,1,64,33217
0.0,false,10,0.0,dsaD0.7,0.7,1.0,1,65,33217
0.0,false,10,0.0,dsaD0.7,0.7,1.0,1,66,33217
0.0,false,10,0.0,dsaD0.7,0.7,1.0,1,67,33217
0.0,false,10,0.0,dsaD0.7,0.7,1.0,1,68,33217
0.0,false,10,0.0,dsaD0.7,0.7,1.0,1,69,33217
0.0,false,10,0.0,dsaD0.7,0.7,1.0,1,70,33217
0.0,false,10,0.0,dsaD0.7,0.7,1.0,1,71,33217
0.0,false,10,0.0,dsaD0.7,0.7,1.0,1,72,33217
0.0,false,10,0.0,dsaD0.7,0.7,1.0,1,73,33217
0.0,false,10,0.0,dsaD0.7,0.7,1.0,1,74,33217
0.0,false,10,0.0,dsaD0.7,0.7,1.0,1,75,33217
0.0,false,10,0.0,dsaD0.7,0.7,1.0,1,76,33217
0.0,false,10,0.0,dsaD0.7,0.7,1.0,1,77,33217
0.0,false,10,0.0,dsaD0.7,0.7,1.0,1,78,33217
0.0,false,10,0.0,dsaD0.7,0.7,1.0,1,79,33217
0.0,false,10,0.0,dsaD0.7,0.7,1.0,1,80,33217
0.0,false,10,0.0,dsaD0.7,0.7,1.0,1,81,33217
0.0,false,10,0.0,dsaD0.7,0.7,1.0,1,82,33217
0.0,false,10,0.0,dsaD0.7,0.7,1.0,1,83,33217
0.0,false,10,0.0,dsaD0.7,0.7,1.0,1,84,33217
0.0,false,10,0.0,dsaD0.7,0.7,1.0,1,85,33217
0.0,false,10,0.0,dsaD0.7,0.7,1.0,1,86,33217
0.0,false,10,0.0,dsaD0.7,0.7,1.0,1,87,33217
0.0,false,10,0.0,dsaD0.7,0.7,1.0,1,88,33217
0.0,false,10,0.0,dsaD0.7,0.7,1.0,1,89,33217
0.0,false,10,0.0,dsaD0.7,0.7,1.0,1,90,33217
0.0,false,10,0.0,dsaD0.7,0.7,1.0,1,91,33217
0.0,false,10,0.0,dsaD0.7,0.7,1.0,1,92,33217
0.0,false,10,0.0,dsaD0.7,0.7,1.0,1,93,33217
0.0,false,10,0.0,dsaD0.7,0.7,1.0,1,94,33217
0.0,false,10,0.0,dsaD0.7,0.7,1.0,1,95,33217
0.0,false,10,0.0,dsaD0.7,0.7,1.0,1,96,33217
0.0,false,10,0.0,dsaD0.7,0.7,1.0,1,97,33217
0.0,false,10,0.0,dsaD0.7,0.7,1.0,1,98,33217
0.0,false,10,0.0,dsaD0.7,0.7,1.0,1,99,33217
0.0,false,10,0.0,dsaD0.7,0.7,1.0,1,100,33217
0.0,false,10,0.0,dsaD0.7,0.7,1.0,1,101,33217
0.0,false,10,0.0,dsaD0.7,0.7,1.0,1,102,33217
0.0,false,10,0.0,dsaD0.7,0.7,1.0,1,103,33217
0.0,false,10,0.0,dsaD0.7,0.7,1.0,1,104,33217
0.0,false,10,0.0,dsaD0.7,0.7,1.0,1,105,33217
0.0,false,10,0.0,dsaD0.7,0.7,1.0,1,106,33217
0.0,false,10,0.0,dsaD0.7,0.7,1.0,1,107,33217
0.0,false,10,0.0,dsaD0.7,0.7,1.0,1,108,33217
0.0,false,10,0.0,dsaD0.7,0.7,1.0,1,109,33217
0.0,false,10,0.0,dsaD0.7,0.7,1.0,1,110,33217
0.0,false,10,0.0,dsaD0.7,0.7,1.0,1,111,33217
0.0,false,10,0.0,dsaD0.7,0.7,1.0,1,112,33217
0.0,false,10,0.0,dsaD0.7,0.7,1.0,1,113,33217
0.0,false,10,0.0,dsaD0.7,0.7,1.0,1,114,33217
0.0,false,10,0.0,dsaD0.7,0.7,1.0,1,115,33217
0.0,false,10,0.0,dsaD0.7,0.7,1.0,1,116,33217
0.0,false,10,0.0,dsaD0.7,0.7,1.0,1,117,33217
0.0,false,10,0.0,dsaD0.7,0.7,1.0,1,118,33217
0.0,false,10,0.0,dsaD0.7,0.7,1.0,1,119,33217
0.0,false,10,0.0,dsaD0.7,0.7,1.0,1,120,33217
0.0,false,10,0.0,dsaD0.7,0.7,1.0,1,121,33217
0.0,false,10,0.0,dsaD0.7,0.7,1.0,1,122,33217
0.0,false,10,0.0,dsaD0.7,0.7,1.0,1,123,33217
0.0,false,10,0.0,dsaD0.7,0.7,1.0,1,124,33217
0.0,false,10,0.0,dsaD0.7,0.7,1.0,1,125,33217
0.0,false,10,0.0,dsaD0.7,0.7,1.0,1,126,33217
0.0,false,10,0.0,dsaD0.7,0.7,1.0,1,127,33217
0.0,false,10,0.0,dsaD0.7,0.7,1.0,1,128,33217
0.0,false,10,0.0,dsaD0.7,0.7,1.0,1,129,33217
0.0,false,10,0.0,dsaD0.7,0.7,1.0,1,130,33217
0.0,false,10,0.0,dsaD0.7,0.7,1.0,1,131,33217
0.0,false,10,0.0,dsaD0.7,0.7,1.0,1,132,33217
0.0,false,10,0.0,dsaD0.7,0.7,1.0,1,133,33217
0.0,false,10,0.0,dsaD0.7,0.7,1.0,1,134,33217
0.0,false,10,0.0,dsaD0.7,0.7,1.0,1,135,33217
0.0,false,10,0.0,dsaD0.7,0.7,1.0,1,136,33217
0.0,false,10,0.0,dsaD0.7,0.7,1.0,1,137,33217
0.0,false,10,0.0,dsaD0.7,0.7,1.0,1,138,33217
0.0,false,10,0.0,dsaD0.7,0.7,1.0,1,139,33217
0.0,false,10,0.0,dsaD0.7,0.7,1.0,1,140,33217
0.0,false,10,0.0,dsaD0.7,0.7,1.0,1,141,33217
0.0,false,10,0.0,dsaD0.7,0.7,1.0,1,142,33217
0.0,false,10,0.0,dsaD0.7,0.7,1.0,1,143,33217
0.0,false,10,0.0,dsaD0.7,0.7,1.0,1,144,33217
0.0,false,10,0.0,dsaD0.7,0.7,1.0,1,145,33217
0.0,false,10,0.0,dsaD0.7,0.7,1.0,1,146,33217
0.0,false,10,0.0,dsaD0.7,0.7,1.0,1,147,33217
0.0,false,10,0.0,dsaD0.7,0.7,1.0,1,148,33217
0.0,false,10,0.0,dsaD0.7,0.7,1.0,1,149,33217
0.0,false,10,0.0,dsaD0.7,0.7,1.0,1,150,33217
0.0,false,10,0.0,dsaD0.7,0.7,1.0,1,151,33217
0.0,false,10,0.0,dsaD0.7,0.7,1.0,1,152,33217
0.0,false,10,0.0,dsaD0.7,0.7,1.0,1,153,33217
0.0,false,10,0.0,dsaD0.7,0.7,1.0,1,154,33217
0.0,false,10,0.0,dsaD0.7,0.7,1.0,1,155,33217
0.0,false,10,0.0,dsaD0.7,0.7,1.0,1,156,33217
0.0,false,10,0.0,dsaD0.7,0.7,1.0,1,157,33217
0.0,false,10,0.0,dsaD0.7,0.7,1.0,1,158,33217
0.0,false,10,0.0,dsaD0.7,0.7,1.0,1,159,33217
0.0,false,10,0.0,dsaD0.7,0.7,1.0,1,160,33217
0.0,false,10,0.0,dsaD0.7,0.7,1.0,1,161,33217
0.0,false,10,0.0,dsaD0.7,0.7,1.0,1,162,33217
0.0,false,10,0.0,dsaD0.7,0.7,1.0,1,163,33217
0.0,false,10,0.0,dsaD0.7,0.7,1.0,1,164,33217
0.0,false,10,0.0,dsaD0.7,0.7,1.0,1,165,33217
0.0,false,10,0.0,dsaD0.7,0.7,1.0,1,166,33217
0.0,false,10,0.0,dsaD0.7,0.7,1.0,1,167,33217
0.0,false,10,0.0,dsaD0.7,0.7,1.0,1,168,33217
0.0,false,10,0.0,dsaD0.7,0.7,1.0,1,169,33217
0.0,false,10,0.0,dsaD0.7,0.7,1.0,1,170,33217
0.0,false,10,0.0,dsaD0.7,0.7,1.0,1,171,33217
0.0,false,10,0.0,dsaD0.7,0.7,1.0,1,172,33217
0.0,false,10,0.0,dsaD0.7,0.7,1.0,1,173,33217
0.0,false,10,0.0,dsaD0.7,0.7,1.0,1,174,33217
0.0,false,10,0.0,dsaD0.7,0.7,1.0,1,175,33217
0.0,false,10,0.0,dsaD0.7,0.7,1.0,1,176,33217
0.0,false,10,0.0,dsaD0.7,0.7,1.0,1,177,33217
0.0,false,10,0.0,dsaD0.7,0.7,1.0,1,178,33217
0.0,false,10,0.0,dsaD0.7,0.7,1.0,1,179,33217
0.0,false,10,0.0,dsaD0.7,0.7,1.0,1,180,33217
0.0,false,10,0.0,dsaD0.7,0.7,1.0,1,181,33217
0.0,false,10,0.0,dsaD0.7,0.7,1.0,1,182,33217
0.0,false,10,0.0,dsaD0.7,0.7,1.0,1,183,33217
0.0,false,10,0.0,dsaD0.7,0.7,1.0,1,184,33217
0.0,false,10,0.0,dsaD0.7,0.7,1.0,1,185,33217
0.0,false,10,0.0,dsaD0.7,0.7,1.0,1,186,33217
0.0,false,10,0.0,dsaD0.7,0.7,1.0,1,187,33217
0.0,false,10,0.0,dsaD0.7,0.7,1.0,1,188,33217
0.0,false,10,0.0,dsaD0.7,0.7,1.0,1,189,33217
0.0,false,10,0.0,dsaD0.7,0.7,1.0,1,190,33217
0.0,false,10,0.0,dsaD0.7,0.7,1.0,1,191,33217
0.0,false,10,0.0,dsaD0.7,0.7,1.0,1,192,33217
0.0,false,10,0.0,dsaD0.7,0.7,1.0,1,193,33217
0.0,false,10,0.0,dsaD0.7,0.7,1.0,1,194,33217
0.0,false,10,0.0,dsaD0.7,0.7,1.0,1,195,33217
0.0,false,10,0.0,dsaD0.7,0.7,1.0,1,196,33217
0.0,false,10,0.0,dsaD0.7,0.7,1.0,1,197,33217
0.0,false,10,0.0,dsaD0.7,0.7,1.0,1,198,33217
0.0,false,10,0.0,dsaD0.7,0.7,1.0,1,199,33217
0.0,false,10,0.0,dsaD0.7,0.7,1.0,2,0,42355
0.0,false,10,0.0,dsaD0.7,0.7,1.0,2,1,40531
0.0,false,10,0.0,dsaD0.7,0.7,1.0,2,2,37819
0.0,false,10,0.0,dsaD0.7,0.7,1.0,2,3,36287
0.0,false,10,0.0,dsaD0.7,0.7,1.0,2,4,34388
0.0,false,10,0.0,dsaD0.7,0.7,1.0,2,5,33805
0.0,false,10,0.0,dsaD0.7,0.7,1.0,2,6,33972
0.0,false,10,0.0,dsaD0.7,0.7,1.0,2,7,33633
0.0,false,10,0.0,dsaD0.7,0.7,1.0,2,8,33131
0.0,false,10,0.0,dsaD0.7,0.7,1.0,2,9,32841
0.0,false,10,0.0,dsaD0.7,0.7,1.0,2,10,32793
0.0,false,10,0.0,dsaD0.7,0.7,1.0,2,11,32775
0.0,false,10,0.0,dsaD0.7,0.7,1.0,2,12,32681
0.0,false,10,0.0,dsaD0.7,0.7,1.0,2,13,32603
0.0,false,10,0.0,dsaD0.7,0.7,1.0,2,14,32313
0.0,false,10,0.0,dsaD0.7,0.7,1.0,2,15,32313
0.0,false,10,0.0,dsaD0.7,0.7,1.0,2,16,32313
0.0,false,10,0.0,dsaD0.7,0.7,1.0,2,17,32313
0.0,false,10,0.0,dsaD0.7,0.7,1.0,2,18,32313
0.0,false,10,0.0,dsaD0.7,0.7,1.0,2,19,32313
0.0,false,10,0.0,dsaD0.7,0.7,1.0,2,20,32313
0.0,false,10,0.0,dsaD0.7,0.7,1.0,2,21,32313
0.0,false,10,0.0,dsaD0.7,0.7,1.0,2,22,32313
0.0,false,10,0.0,dsaD0.7,0.7,1.0,2,23,32313
0.0,false,10,0.0,dsaD0.7,0.7,1.0,2,24,32313
0.0,false,10,0.0,dsaD0.7,0.7,1.0,2,25,32313
0.0,false,10,0.0,dsaD0.7,0.7,1.0,2,26,32313
0.0,false,10,0.0,dsaD0.7,0.7,1.0,2,27,32313
0.0,false,10,0.0,dsaD0.7,0.7,1.0,2,28,32313
0.0,false,10,0.0,dsaD0.7,0.7,1.0,2,29,32313
0.0,false,10,0.0,dsaD0.7,0.7,1.0,2,30,32313
0.0,false,10,0.0,dsaD0.7,0.7,1.0,2,31,32313
0.0,false,10,0.0,dsaD0.7,0.7,1.0,2,32,32313
0.0,false,10,0.0,dsaD0.7,0.7,1.0,2,33,32313
0.0,false,10,0.0,dsaD0.7,0.7,1.0,2,34,32313
0.0,false,10,0.0,dsaD0.7,0.7,1.0,2,35,32313
0.0,false,10,0.0,dsaD0.7,0.7,1.0,2,36,32313
0.0,false,10,0.0,dsaD0.7,0.7,1.0,2,37,32313
0.0,false,10,0.0,dsaD0.7,0.7,1.0,2,38,32313
0.0,false,10,0.0,dsaD0.7,0.7,1.0,2,39,32313
0.0,false,10,0.0,dsaD0.7,0.7,1.0,2,40,32313
0.0,false,10,0.0,dsaD0.7,0.7,1.0,2,41,32313
0.0,false,10,0.0,dsaD0.7,0.7,1.0,2,42,32313
0.0,false,10,0.0,dsaD0.7,0.7,1.0,2,43,32313
0.0,false,10,0.0,dsaD0.7,0.7,1.0,2,44,32313
0.0,false,10,0.0,dsaD0.7,0.7,1.0,2,45,32313
0.0,false,10,0.0,dsaD0.7,0.7,1.0,2,46,32313
0.0,false,10,0.0,dsaD0.7,0.7,1.0,2,47,32313
0.0,false,10,0.0,dsaD0.7,0.7,1.0,2,48,32313
0.0,false,10,0.0,dsaD0.7,0.7,1.0,2,49,32313
0.0,false,10,0.0,dsaD0.7,0.7,1.0,2,50,32313
0.0,false,10,0.0,dsaD0.7,0.7,1.0,2,51,32313
0.0,false,10,0.0,dsaD0.7,0.7,1.0,2,52,32313
0.0,false,10,0.0,dsaD0.7,0.7,1.0,2,53,32313
0.0,false,10,0.0,dsaD0.7,0.7,1.0,2,54,32313
0.0,false,10,0.0,dsaD0.7,0.7,1.0,2,55,32313
0.0,false,10,0.0,dsaD0.7,0.7,1.0,2,56,32313
0.0,false,10,0.0,dsaD0.7,0.7,1.0,2,57,32313
0.0,false,10,0.0,dsaD0.7,0.7,1.0,2,58,32313
0.0,false,10,0.0,dsaD0.7,0.7,1.0,2,59,32313
0.0,false,10,0.0,dsaD0.7,0.7,1.0,2,60,32313
0.0,false,10,0.0,dsaD0.7,0.7,1.0,2,61,32313
0.0,false,10,0.0,dsaD0.7,0.7,1.0,2,62,32313
0.0,false,10,0.0,dsaD0.7,0.7,1.0,2,63,32313
0.0,false,10,0.0,dsaD0.7,0.7,1.0,2,64,32313
0.0,false,10,0.0,dsaD0.7,0.7,1.0,2,65,32313
0.0,false,10,0.0,dsaD0.7,0.7,1.0,2,66,32313
0.0,false,10,0.0,dsaD0.7,0.7,1.0,2,67,32313
0.0,false,10,0.0,dsaD0.7,0.7,1.0,2,68,32313
0.0,false,10,0.0,dsaD0.7,0.7,1.0,2,69,32313
0.0,false,10,0.0,dsaD0.7,0.7,1.0,2,70,32313
0.0,false,10,0.0,dsaD0.7,0.7,1.0,2,71,32313
0.0,false,10,0.0,dsaD0.7,0.7,1.0,2,72,32313
0.0,false,10,0.0,dsaD0.7,0.7,1.0,2,73,32313
0.0,false,10,0.0,dsaD0.7,0.7,1.0,2,74,32313
0.0,false,10,0.0,dsaD0.7,0.7,1.0,2,75,32313
0.0,false,10,0.0,dsaD0.7,0.7,1.0,2,76,32313
0.0,false,10,0.0,dsaD0.7,0.7,1.0,2,77,32313
0.0,false,10,0.0,dsaD0.7,0.7,1.0,2,78,32313
0.0,false,10,0.0,dsaD0.7,0.7,1.0,2,79,32313
0.0,false,10,0.0,dsaD0.7,0.7,1.0,2,80,32313
0.0,false,10,0.0,dsaD0.7,0.7,1.0,2,81,32313
0.0,false,10,0.0,dsaD0.7,0.7,1.0,2,82,32313
0.0,false,10,0.0,dsaD0.7,0.7,1.0,2,83,32313
0.0,false,10,0.0,dsaD0.7,0.7,1.0,2,84,32313
0.0,false,10,0.0,dsaD0.7,0.7,1.0,2,85,32313
0.0,false,10,0.0,dsaD0.7,0.7,1.0,2,86,32313
0.0,false,10,0.0,dsaD0.7,0.7,1.0,2,87,32313
0.0,false,10,0.0,dsaD0.7,0.7,1.0,2,88,32313
0.0,false,10,0.0,dsaD0.7,0.7,1.0,2,89,32313
0.0,false,10,0.0,dsaD0.7,0.7,1.0,2,90,32313
0.0,false,10,0.0,dsaD0.7,0.7,1.0,2,91,32313
0.0,false,10,0.0,dsaD0.7,0.7,1.0,2,92,32313
0.0,false,10,0.0,dsaD0.7,0.7,1.0,2,93,32313
0.0,false,10,0.0,dsaD0.7,0.7,1.0,2,94,32313
0.0,false,10,0.0,dsaD0.7,0.7,1.0,2,95,32313
0.0,false,10,0.0,dsaD0.7,0.7,1.0,2,96,32313
0.0,false,10,0.0,dsaD0.7,0.7,1.0,2,97,32313
0.0,false,10,0.0,dsaD0.7,0.7,1.0,2,98,32313
0.0,false,10,0.0,dsaD0.7,0.7,1.0,2,99,32313
0.0,false,10,0.0,dsaD0.7,0.7,1.0,2,100,32313
0.0,false,10,0.0,dsaD0.7,0.7,1.0,2,101,32313
0.0,false,10,0.0,dsaD0.7,0.7,1.0,2,102,32313
0.0,false,10,0.0,dsaD0.7,0.7,1.0,2,103,32313
0.0,false,10,0.0,dsaD0.7,0.7,1.0,2,104,32313
0.0,false,10,0.0,dsaD0.7,0.7,1.0,2,105,32313
0.0,false,10,0.0,dsaD0.7,0.7,1.0,2,106,32313
0.0,false,10,0.0,dsaD0.7,0.7,1.0,2,107,32313
0.0,false,10,0.0,dsaD0.7,0.7,1.0,2,108,32313
0.0,false,10,0.0,dsaD0.7,0.7,1.0,2,109,32313
0.0,false,10,0.0,dsaD0.7,0.7,1.0,2,110,32313
0.0,false,10,0.0,dsaD0.7,0.7,1.0,2,111,32313
0.0,false,10,0.0,dsaD0.7,0.7,1.0,2,112,32313
0.0,false,10,0.0,dsaD0.7,0.7,1.0,2,113,32313
0.0,false,10,0.0,dsaD0.7,0.7,1.0,2,114,32313
0.0,false,10,0.0,dsaD0.7,0.7,1.0,2,115,32313
0.0,false,10,0.0,dsaD0.7,0.7,1.0,2,116,32313
0.0,false,10,0.0,dsaD0.7,0.7,1.0,2,117,32313
0.0,false,10,0.0,dsaD0.7,0.7,1.0,2,118,32313
0.0,false,10,0.0,dsaD0.7,0.7,1.0,2,119,32313
0.0,false,10,0.0,dsaD0.7,0.7,1.0,2,120,32313
0.0,false,10,0.0,dsaD0.7,0.7,1.0,2,121,32313
0.0,false,10,0.0,dsaD0.7,0.7,1.0,2,122,32313
0.0,false,10,0.0,dsaD0.7,0.7,1.0,2,123,32313
0.0,false,10,0.0,dsaD0.7,0.7,1.0,2,124,32313
0.0,false,10,0.0,dsaD0.7,0.7,1.0,2,125,32313
0.0,false,10,0.0,dsaD0.7,0.7,1.0,2,126,32313
0.0,false,10,0.0,dsaD0.7,0.7,1.0,2,127,32313
0.0,false,10,0.0,dsaD0.7,0.7,1.0,2,128,32313
0.0,false,10,0.0,dsaD0.7,0.7,1.0,2,129,32313
0.0,false,10,0.0,dsaD0.7,0.7,1.0,2,130,32313
0.0,false,10,0.0,dsaD0.7,0.7,1.0,2,131,32313
0.0,false,10,0.0,dsaD0.7,0.7,1.0,2,132,32313
0.0,false,10,0.0,dsaD0.7,0.7,1.0,2,133,32313
0.0,false,10,0.0,dsaD0.7,0.7,1.0,2,134,32313
0.0,false,10,0.0,dsaD0.7,0.7,1.0,2,135,32313
0.0,false,10,0.0,dsaD0.7,0.7,1.0,2,136,32313
0.0,false,10,0.0,dsaD0.7,0.7,1.0,2,137,32313
0.0,false,10,0.0,dsaD0.7,0.7,1.0,2,138,32313
0.0,false,10,0.0,dsaD0.7,0.7,1.0,2,139,32313
0.0,false,10,0.0,dsaD0.7,0.7,1.0,2,140,32313
0.0,false,10,0.0,dsaD0.7,0.7,1.0,2,141,32313
0.0,false,10,0.0,dsaD0.7,0.7,1.0,2,142,32313
0.0,false,10,0.0,dsaD0.7,0.7,1.0,2,143,32313
0.0,false,10,0.0,dsaD0.7,0.7,1.0,2,144,32313
0.0,false,10,0.0,dsaD0.7,0.7,1.0,2,145,32313
0.0,false,10,0.0,dsaD0.7,0.7,1.0,2,146,32313
0.0,false,10,0.0,dsaD0.7,0.7,1.0,2,147,32313
0.0,false,10,0.0,dsaD0.7,0.7,1.0,2,148,32313
0.0,false,10,0.0,dsaD0.7,0.7,1.0,2,149,32313
0.0,false,10,0.0,dsaD0.7,0.7,1.0,2,150,32313
0.0,false,10,0.0,dsaD0.7,0.7,1.0,2,151,32313
0.0,false,10,0.0,dsaD0.7,0.7,1.0,2,152,32313
0.0,false,10,0.0,dsaD0.7,0.7,1.0,2,153,32313
0.0,false,10,0.0,dsaD0.7,0.7,1.0,2,154,32313
0.0,false,10,0.0,dsaD0.7,0.7,1.0,2,155,32313
0.0,false,10,0.0,dsaD0.7,0.7,1.0,2,156,32313
0.0,false,10,0.0,dsaD0.7,0.7,1.0,2,157,32313
0.0,false,10,0.0,dsaD0.7,0.7,1.0,2,158,32313
0.0,false,10,0.0,dsaD0.7,0.7,1.0,2,159,32313
0.0,false,10,0.0,dsaD0.7,0.7,1.0,2,160,32313
0.0,false,10,0.0,dsaD0.7,0.7,1.0,2,161,32313
0.0,false,10,0.0,dsaD0.7,0.7,1.0,2,162,32313
0.0,false,10,0.0,dsaD0.7,0.7,1.0,2,163,32313
0.0,false,10,0.0,dsaD0.7,0.7,1.0,2,164,32313
0.0,false,10,0.0,dsaD0.7,0.7,1.0,2,165,32313
0.0,false,10,0.0,dsaD0.7,0.7,1.0,2,166,32313
0.0,false,10,0.0,dsaD0.7,0.7,1.0,2,167,32313
0.0,false,10,0.0,dsaD0.7,0.7,1.0,2,168,32313
0.0,false,10,0.0,dsaD0.7,0.7,1.0,2,169,32313
0.0,false,10,0.0,dsaD0.7,0.7,1.0,2,170,32313
0.0,false,10,0.0,dsaD0.7,0.7,1.0,2,171,32313
0.0,false,10,0.0,dsaD0.7,0.7,1.0,2,172,32313
0.0,false,10,0.0,dsaD0.7,0.7,1.0,2,173,32313
0.0,false,10,0.0,dsaD0.7,0.7,1.0,2,174,32313
0.0,false,10,0.0,dsaD0.7,0.7,1.0,2,175,32313
0.0,false,10,0.0,dsaD0.7,0.7,1.0,2,176,32313
0.0,false,10,0.0,dsaD0.7,0.7,1.0,2,177,32313
0.0,false,10,0.0,dsaD0.7,0.7,1.0,2,178,32313
0.0,false,10,0.0,dsaD0.7,0.7,1.0,2,179,32313
0.0,false,10,0.0,dsaD0.7,0.7,1.0,2,180,32313
0.0,false,10,0.0,dsaD0.7,0.7,1.0,2,181,32313
0.0,false,10,0.0,dsaD0.7,0.7,1.0,2,182,32313
0.0,false,10,0.0,dsaD0.7,0.7,1.0,2,183,32313
0.0,false,10,0.0,dsaD0.7,0.7,1.0,2,184,32313
0.0,false,10,0.0,dsaD0.7,0.7,1.0,2,185,32313
0.0,false,10,0.0,dsaD0.7,0.7,1.0,2,186,32313
0.0,false,10,0.0,dsaD0.7,0.7,1.0,2,187,32313
0.0,false,10,0.0,dsaD0.7,0.7,1.0,2,188,32313
0.0,false,10,0.0,dsaD0.7,0.7,1.0,2,189,32313
0.0,false,10,0.0,dsaD0.7,0.7,1.0,2,190,32313
0.0,false,10,0.0,dsaD0.7,0.7,1.0,2,191,32313
0.0,false,10,0.0,dsaD0.7,0.7,1.0,2,192,32313
0.0,false,10,0.0,dsaD0.7,0.7,1.0,2,193,32313
0.0,false,10,0.0,dsaD0.7,0.7,1.0,2,194,32313
0.0,false,10,0.0,dsaD0.7,0.7,1.0,2,195,32313
0.0,false,10,0.0,dsaD0.7,0.7,1.0,2,196,32313
0.0,false,10,0.0,dsaD0.7,0.7,1.0,2,197,32313
0.0,false,10,0.0,dsaD0.7,0.7,1.0,2,198,32313
0.0,false,10,0.0,dsaD0.7,0.7,1.0,2,199,32313
0.0,false,10,0.0,dsaD0.7,0.7,1.0,3,0,45053
0.0,false,10,0.0,dsaD0.7,0.7,1.0,3,1,41265
0.0,false,10,0.0,dsaD0.7,0.7,1.0,3,2,39115
0.0,false,10,0.0,dsaD0.7,0.7,1.0,3,3,38651
0.0,false,10,0.0,dsaD0.7,0.7,1.0,3,4,36735
0.0,false,10,0.0,dsaD0.7,0.7,1.0,3,5,36848
0.0,false,10,0.0,dsaD0.7,0.7,1.0,3,6,36257
0.0,false,10,0.0,dsaD0.7,0.7,1.0,3,7,35324
0.0,false,10,0.0,dsaD0.7,0.7,1.0,3,8,34642
0.0,false,10,0.0,dsaD0.7,0.7,1.0,3,9,34655
0.0,false,10,0.0,dsaD0.7,0.7,1.0,3,10,34199
0.0,false,10,0.0,dsaD0.7,0.7,1.0,3,11,33890
0.0,false,10,0.0,dsaD0.7,0.7,1.0,3,12,33658
0.0,false,10,0.0,dsaD0.7,0.7,1.0,3,13,33592
0.0,false,10,0.0,dsaD0.7,0.7,1.0,3,14,33619
0.0,false,10,0.0,dsaD0.7,0.7,1.0,3,15,33457
0.0,false,10,0.0,dsaD0.7,0.7,1.0,3,16,33410
0.0,false,10,0.0,dsaD0.7,0.7,1.0,3,17,33391
0.0,false,10,0.0,dsaD0.7,0.7,1.0,3,18,33395
0.0,false,10,0.0,dsaD0.7,0.7,1.0,3,19,33296
0.0,false,10,0.0,dsaD0.7,0.7,1.0,3,20,33296
0.0,false,10,0.0,dsaD0.7,0.7,1.0,3,21,33296
0.0,false,10,0.0,dsaD0.7,0.7,1.0,3,22,33296
0.0,false,10,0.0,dsaD0.7,0.7,1.0,3,23,33296
0.0,false,10,0.0,dsaD0.7,0.7,1.0,3,24,33296
0.0,false,10,0.0,dsaD0.7,0.7,1.0,3,25,33296
0.0,false,10,0.0,dsaD0.7,0.7,1.0,3,26,33296
0.0,false,10,0.0,dsaD0.7,0.7,1.0,3,27,33296
0.0,false,10,0.0,dsaD0.7,0.7,1.0,3,28,33296
0.0,false,10,0.0,dsaD0.7,0.7,1.0,3,29,33296
0.0,false,10,0.0,dsaD0.7,0.7,1.0,3,30,33296
0.0,false,10,0.0,dsaD0.7,0.7,1.0,3,31,33296
0.0,false,10,0.0,dsaD0.7,0.7,1.0,3,32,33296
0.0,false,10,0.0,dsaD0.7,0.7,1.0,3,33,33296
0.0,false,10,0.0,dsaD0.7,0.7,1.0,3,34,33296
0.0,false,10,0.0,dsaD0.7,0.7,1.0,3,35,33296
0.0,false,10,0.0,dsaD0.7,0.7,1.0,3,36,33296
0.0,false,10,0.0,dsaD0.7,0.7,1.0,3,37,33296
0.0,false,10,0.0,dsaD0.7,0.7,1.0,3,38,33296
0.0,false,10,0.0,dsaD0.7,0.7,1.0,3,39,33296
0.0,false,10,0.0,dsaD0.7,0.7,1.0,3,40,33296
0.0,false,10,0.0,dsaD0.7,0.7,1.0,3,41,33296
0.0,false,10,0.0,dsaD0.7,0.7,1.0,3,42,33296
0.0,false,10,0.0,dsaD0.7,0.7,1.0,3,43,33296
0.0,false,10,0.0,dsaD0.7,0.7,1.0,3,44,33296
0.0,false,10,0.0,dsaD0.7,0.7,1.0,3,45,33296
0.0,false,10,0.0,dsaD0.7,0.7,1.0,3,46,33296
0.0,false,10,0.0,dsaD0.7,0.7,1.0,3,47,33296
0.0,false,10,0.0,dsaD0.7,0.7,1.0,3,48,33296
0.0,false,10,0.0,dsaD0.7,0.7,1.0,3,49,33296
0.0,false,10,0.0,dsaD0.7,0.7,1.0,3,50,33296
0.0,false,10,0.0,dsaD0.7,0.7,1.0,3,51,33296
0.0,false,10,0.0,dsaD0.7,0.7,1.0,3,52,33296
0.0,false,10,0.0,dsaD0.7,0.7,1.0,3,53,33296
0.0,false,10,0.0,dsaD0.7,0.7,1.0,3,54,33296
0.0,false,10,0.0,dsaD0.7,0.7,1.0,3,55,33296
0.0,false,10,0.0,dsaD0.7,0.7,1.0,3,56,33296
0.0,false,10,0.0,dsaD0.7,0.7,1.0,3,57,33296
0.0,false,10,0.0,dsaD0.7,0.7,1.0,3,58,33296
0.0,false,10,0.0,dsaD0.7,0.7,1.0,3,59,33296
0.0,false,10,0.0,dsaD0.7,0.7,1.0,3,60,33296
0.0,false,10,0.0,dsaD0.7,0.7,1.0,3,61,33296
0.0,false,10,0.0,dsaD0.7,0.7,1.0,3,62,33296
0.0,false,10,0.0,dsaD0.7,0.7,1.0,3,63,33296
0.0,false,10,0.0,dsaD0.7,0.7,1.0,3,64,33296
0.0,false,10,0.0,dsaD0.7,0.7,1.0,3,65,33296
0.0,false,10,0.0,dsaD0.7,0.7,1.0,3,66,33296
0.0,false,10,0.0,dsaD0.7,0.7,1.0,3,67,33296
0.0,false,10,0.0,dsaD0.7,0.7,1.0,3,68,33296
0.0,false,10,0.0,dsaD0.7,0.7,1.0,3,69,33296
0.0,false,10,0.0,dsaD0.7,0.7,1.0,3,70,33296
0.0,false,10,0.0,dsaD0.7,0.7,1.0,3,71,33296
0.0,false,10,0.0,dsaD0.7,0.7,1.0,3,72,33296
0.0,false,10,0.0,dsaD0.7,0.7,1.0,3,73,33296
0.0,false,10,0.0,dsaD0.7,0.7,1.0,3,74,33296
0.0,false,10,0.0,dsaD0.7,0.7,1.0,3,75,33296
0.0,false,10,0.0,dsaD0.7,0.7,1.0,3,76,33296
0.0,false,10,0.0,dsaD0.7,0.7,1.0,3,77,33296
0.0,false,10,0.0,dsaD0.7,0.7,1.0,3,78,33296
0.0,false,10,0.0,dsaD0.7,0.7,1.0,3,79,33296
0.0,false,10,0.0,dsaD0.7,0.7,1.0,3,80,33296
0.0,false,10,0.0,dsaD0.7,0.7,1.0,3,81,33296
0.0,false,10,0.0,dsaD0.7,0.7,1.0,3,82,33296
0.0,false,10,0.0,dsaD0.7,0.7,1.0,3,83,33296
0.0,false,10,0.0,dsaD0.7,0.7,1.0,3,84,33296
0.0,false,10,0.0,dsaD0.7,0.7,1.0,3,85,33296
0.0,false,10,0.0,dsaD0.7,0.7,1.0,3,86,33296
0.0,false,10,0.0,dsaD0.7,0.7,1.0,3,87,33296
0.0,false,10,0.0,dsaD0.7,0.7,1.0,3,88,33296
0.0,false,10,0.0,dsaD0.7,0.7,1.0,3,89,33296
0.0,false,10,0.0,dsaD0.7,0.7,1.0,3,90,33296
0.0,false,10,0.0,dsaD0.7,0.7,1.0,3,91,33296
0.0,false,10,0.0,dsaD0.7,0.7,1.0,3,92,33296
0.0,false,10,0.0,dsaD0.7,0.7,1.0,3,93,33296
0.0,false,10,0.0,dsaD0.7,0.7,1.0,3,94,33296
0.0,false,10,0.0,dsaD0.7,0.7,1.0,3,95,33296
0.0,false,10,0.0,dsaD0.7,0.7,1.0,3,96,33296
0.0,false,10,0.0,dsaD0.7,0.7,1.0,3,97,33296
0.0,false,10,0.0,dsaD0.7,0.7,1.0,3,98,33296
0.0,false,10,0.0,dsaD0.7,0.7,1.0,3,99,33296
0.0,false,10,0.0,dsaD0.7,0.7,1.0,3,100,33296
0.0,false,10,0.0,dsaD0.7,0.7,1.0,3,101,33296
0.0,false,10,0.0,dsaD0.7,0.7,1.0,3,102,33296
0.0,false,10,0.0,dsaD0.7,0.7,1.0,3,103,33296
0.0,false,10,0.0,dsaD0.7,0.7,1.0,3,104,33296
0.0,false,10,0.0,dsaD0.7,0.7,1.0,3,105,33296
0.0,false,10,0.0,dsaD0.7,0.7,1.0,3,106,33296
0.0,false,10,0.0,dsaD0.7,0.7,1.0,3,107,33296
0.0,false,10,0.0,dsaD0.7,0.7,1.0,3,108,33296
0.0,false,10,0.0,dsaD0.7,0.7,1.0,3,109,33296
0.0,false,10,0.0,dsaD0.7,0.7,1.0,3,110,33296
0.0,false,10,0.0,dsaD0.7,0.7,1.0,3,111,33296
0.0,false,10,0.0,dsaD0.7,0.7,1.0,3,112,33296
0.0,false,10,0.0,dsaD0.7,0.7,1.0,3,113,33296
0.0,false,10,0.0,dsaD0.7,0.7,1.0,3,114,33296
0.0,false,10,0.0,dsaD0.7,0.7,1.0,3,115,33296
0.0,false,10,0.0,dsaD0.7,0.7,1.0,3,116,33296
0.0,false,10,0.0,dsaD0.7,0.7,1.0,3,117,33296
0.0,false,10,0.0,dsaD0.7,0.7,1.0,3,118,33296
0.0,false,10,0.0,dsaD0.7,0.7,1.0,3,119,33296
0.0,false,10,0.0,dsaD0.7,0.7,1.0,3,120,33296
0.0,false,10,0.0,dsaD0.7,0.7,1.0,3,121,33296
0.0,false,10,0.0,dsaD0.7,0.7,1.0,3,122,33296
0.0,false,10,0.0,dsaD0.7,0.7,1.0,3,123,33296
0.0,false,10,0.0,dsaD0.7,0.7,1.0,3,124,33296
0.0,false,10,0.0,dsaD0.7,0.7,1.0,3,125,33296
0.0,false,10,0.0,dsaD0.7,0.7,1.0,3,126,33296
0.0,false,10,0.0,dsaD0.7,0.7,1.0,3,127,33296
0.0,false,10,0.0,dsaD0.7,0.7,1.0,3,128,33296
0.0,false,10,0.0,dsaD0.7,0.7,1.0,3,129,33296
0.0,false,10,0.0,dsaD0.7,0.7,1.0,3,130,33296
0.0,false,10,0.0,dsaD0.7,0.7,1.0,3,131,33296
0.0,false,10,0.0,dsaD0.7,0.7,1.0,3,132,33296
0.0,false,10,0.0,dsaD0.7,0.7,1.0,3,133,33296
0.0,false,10,0.0,dsaD0.7,0.7,1.0,3,134,33296
0.0,false,10,0.0,dsaD0.7,0.7,1.0,3,135,33296
0.0,false,10,0.0,dsaD0.7,0.7,1.0,3,136,33296
0.0,false,10,0.0,dsaD0.7,0.7,1.0,3,137,33296
0.0,false,10,0.0,dsaD0.7,0.7,1.0,3,138,33296
0.0,false,10,0.0,dsaD0.7,0.7,1.0,3,139,33296
0.0,false,10,0.0,dsaD0.7,0.7,1.0,3,140,33296
0.0,false,10,0.0,dsaD0.7,0.7,1.0,3,141,33296
0.0,false,10,0.0,dsaD0.7,0.7,1.0,3,142,33296
0.0,false,10,0.0,dsaD0.7,0.7,1.0,3,143,33296
0.0,false,10,0.0,dsaD0.7,0.7,1.0,3,144,33296
0.0,false,10,0.0,dsaD0.7,0.7,1.0,3,145,33296
0.0,false,10,0.0,dsaD0.7,0.7,1.0,3,146,33296
0.0,false,10,0.0,dsaD0.7,0.7,1.0,3,147,33296
0.0,false,10,0.0,dsaD0.7,0.7,1.0,3,148,33296
0.0,false,10,0.0,dsaD0.7,0.7,1.0,3,149,33296
0.0,false,10,0.0,dsaD0.7,0.7,1.0,3,150,33296
0.0,false,10,0.0,dsaD0.7,0.7,1.0,3,151,33296
0.0,false,10,0.0,dsaD0.7,0.7,1.0,3,152,33296
0.0,false,10,0.0,dsaD0.7,0.7,1.0,3,153,33296
0.0,false,10,0.0,dsaD0.7,0.7,1.0,3,154,33296
0.0,false,10,0.0,dsaD0.7,0.7,1.0,3,155,33296
0.0,false,10,0.0,dsaD0.7,0.7,1.0,3,156,33296
0.0,false,10,0.0,dsaD0.7,0.7,1.0,3,157,33296
0.0,false,10,0.0,dsaD0.7,0.7,1.0,3,158,33296
0.0,false,10,0.0,dsaD0.7,0.7,1.0,3,159,33296
0.0,false,10,0.0,dsaD0.7,0.7,1.0,3,160,33296
0.0,false,10,0.0,dsaD0.7,0.7,1.0,3,161,33296
0.0,false,10,0.0,dsaD0.7,0.7,1.0,3,162,33296
0.0,false,10,0.0,dsaD0.7,0.7,1.0,3,163,33296
0.0,false,10,0.0,dsaD0.7,0.7,1.0,3,164,33296
0.0,false,10,0.0,dsaD0.7,0.7,1.0,3,165,33296
0.0,false,10,0.0,dsaD0.7,0.7,1.0,3,166,33296
0.0,false,10,0.0,dsaD0.7,0.7,1.0,3,167,33296
0.0,false,10,0.0,dsaD0.7,0.7,1.0,3,168,33296
0.0,false,10,0.0,dsaD0.7,0.7,1.0,3,169,33296
0.0,false,10,0.0,dsaD0.7,0.7,1.0,3,170,33296
0.0,false,10,0.0,dsaD0.7,0.7,1.0,3,171,33296
0.0,false,10,0.0,dsaD0.7,0.7,1.0,3,172,33296
0.0,false,10,0.0,dsaD0.7,0.7,1.0,3,173,33296
0.0,false,10,0.0,dsaD0.7,0.7,1.0,3,174,33296
0.0,false,10,0.0,dsaD0.7,0.7,1.0,3,175,33296
0.0,false,10,0.0,dsaD0.7,0.7,1.0,3,176,33296
0.0,false,10,0.0,dsaD0.7,0.7,1.0,3,177,33296
0.0,false,10,0.0,dsaD0.7,0.7,1.0,3,178,33296
0.0,false,10,0.0,dsaD0.7,0.7,1.0,3,179,33296
0.0,false,10,0.0,dsaD0.7,0.7,1.0,3,180,33296
0.0,false,10,0.0,dsaD0.7,0.7,1.0,3,181,33296
0.0,false,10,0.0,dsaD0.7,0.7,1.0,3,182,33296
0.0,false,10,0.0,dsaD0.7,0.7,1.0,3,183,33296
0.0,false,10,0.0,dsaD0.7,0.7,1.0,3,184,33296
0.0,false,10,0.0,dsaD0.7,0.7,1.0,3,185,33296
0.0,false,10,0.0,dsaD0.7,0.7,1.0,3,186,33296
0.0,false,10,0.0,dsaD0.7,0.7,1.0,3,187,33296
0.0,false,10,0.0,dsaD0.7,0.7,1.0,3,188,33296
0.0,false,10,0.0,dsaD0.7,0.7,1.0,3,189,33296
0.0,false,10,0.0,dsaD0.7,0.7,1.0,3,190,33296
0.0,false,10,0.0,dsaD0.7,0.7,1.0,3,191,33296
0.0,false,10,0.0,dsaD0.7,0.7,1.0,3,192,33296
0.0,false,10,0.0,dsaD0.7,0.7,1.0,3,193,33296
0.0,false,10,0.0,dsaD0.7,0.7,1.0,3,194,33296
0.0,false,10,0.0,dsaD0.7,0.7,1.0,3,195,33296
0.0,false,10,0.0,dsaD0.7,0.7,1.0,3,196,33296
0.0,false,10,0.0,dsaD0.7,0.7,1.0,3,197,33296
0.0,false,10,0.0,dsaD0.7,0.7,1.0,3,198,33296
0.0,false,10,0.0,dsaD0.7,0.7,1.0,3,199,33296
0.0,false,10,0.0,dsaD0.7,0.7,1.0,4,0,40895
0.0,false,10,0.0,dsaD0.7,0.7,1.0,4,1,37390
0.0,false,10,0.0,dsaD0.7,0.7,1.0,4,2,36730
0.0,false,10,0.0,dsaD0.7,0.7,1.0,4,3,36208
0.0,false,10,0.0,dsaD0.7,0.7,1.0,4,4,35802
0.0,false,10,0.0,dsaD0.7,0.7,1.0,4,5,34380
0.0,false,10,0.0,dsaD0.7,0.7,1.0,4,6,33508
0.0,false,10,0.0,dsaD0.7,0.7,1.0,4,7,33112
0.0,false,10,0.0,dsaD0.7,0.7,1.0,4,8,33013
0.0,false,10,0.0,dsaD0.7,0.7,1.0,4,9,33021
0.0,false,10,0.0,dsaD0.7,0.7,1.0,4,10,33097
0.0,false,10,0.0,dsaD0.7,0.7,1.0,4,11,33038
0.0,false,10,0.0,dsaD0.7,0.7,1.0,4,12,33447
0.0,false,10,0.0,dsaD0.7,0.7,1.0,4,13,32760
0.0,false,10,0.0,dsaD0.7,0.7,1.0,4,14,32730
0.0,false,10,0.0,dsaD0.7,0.7,1.0,4,15,32601
0.0,false,10,0.0,dsaD0.7,0.7,1.0,4,16,32571
0.0,false,10,0.0,dsaD0.7,0.7,1.0,4,17,32409
0.0,false,10,0.0,dsaD0.7,0.7,1.0,4,18,32409
0.0,false,10,0.0,dsaD0.7,0.7,1.0,4,19,32409
0.0,false,10,0.0,dsaD0.7,0.7,1.0,4,20,32386
0.0,false,10,0.0,dsaD0.7,0.7,1.0,4,21,32386
0.0,false,10,0.0,dsaD0.7,0.7,1.0,4,22,32386
0.0,false,10,0.0,dsaD0.7,0.7,1.0,4,23,32386
0.0,false,10,0.0,dsaD0.7,0.7,1.0,4,24,32386
0.0,false,10,0.0,dsaD0.7,0.7,1.0,4,25,32386
0.0,false,10,0.0,dsaD0.7,0.7,1.0,4,26,32386
0.0,false,10,0.0,dsaD0.7,0.7,1.0,4,27,32386
0.0,false,10,0.0,dsaD0.7,0.7,1.0,4,28,32386
0.0,false,10,0.0,dsaD0.7,0.7,1.0,4,29,32386
0.0,false,10,0.0,dsaD0.7,0.7,1.0,4,30,32386
0.0,false,10,0.0,dsaD0.7,0.7,1.0,4,31,32386
0.0,false,10,0.0,dsaD0.7,0.7,1.0,4,32,32386
0.0,false,10,0.0,dsaD0.7,0.7,1.0,4,33,32386
0.0,false,10,0.0,dsaD0.7,0.7,1.0,4,34,32386
0.0,false,10,0.0,dsaD0.7,0.7,1.0,4,35,32386
0.0,false,10,0.0,dsaD0.7,0.7,1.0,4,36,32386
0.0,false,10,0.0,dsaD0.7,0.7,1.0,4,37,32386
0.0,false,10,0.0,dsaD0.7,0.7,1.0,4,38,32386
0.0,false,10,0.0,dsaD0.7,0.7,1.0,4,39,32386
0.0,false,10,0.0,dsaD0.7,0.7,1.0,4,40,32386
0.0,false,10,0.0,dsaD0.7,0.7,1.0,4,41,32386
0.0,false,10,0.0,dsaD0.7,0.7,1.0,4,42,32386
0.0,false,10,0.0,dsaD0.7,0.7,1.0,4,43,32386
0.0,false,10,0.0,dsaD0.7,0.7,1.0,4,44,32386
0.0,false,10,0.0,dsaD0.7,0.7,1.0,4,45,32386
0.0,false,10,0.0,dsaD0.7,0.7,1.0,4,46,32386
0.0,false,10,0.0,dsaD0.7,0.7,1.0,4,47,32386
0.0,false,10,0.0,dsaD0.7,0.7,1.0,4,48,32386
0.0,false,10,0.0,dsaD0.7,0.7,1.0,4,49,32386
0.0,false,10,0.0,dsaD0.7,0.7,1.0,4,50,32386
0.0,false,10,0.0,dsaD0.7,0.7,1.0,4,51,32386
0.0,false,10,0.0,dsaD0.7,0.7,1.0,4,52,32386
0.0,false,10,0.0,dsaD0.7,0.7,1.0,4,53,32386
0.0,false,10,0.0,dsaD0.7,0.7,1.0,4,54,32386
0.0,false,10,0.0,dsaD0.7,0.7,1.0,4,55,32386
0.0,false,10,0.0,dsaD0.7,0.7,1.0,4,56,32386
0.0,false,10,0.0,dsaD0.7,0.7,1.0,4,57,32386
0.0,false,10,0.0,dsaD0.7,0.7,1.0,4,58,32386
0.0,false,10,0.0,dsaD0.7,0.7,1.0,4,59,32386
0.0,false,10,0.0,dsaD0.7,0.7,1.0,4,60,32386
0.0,false,10,0.0,dsaD0.7,0.7,1.0,4,61,32386
0.0,false,10,0.0,dsaD0.7,0.7,1.0,4,62,32386
0.0,false,10,0.0,dsaD0.7,0.7,1.0,4,63,32386
0.0,false,10,0.0,dsaD0.7,0.7,1.0,4,64,32386
0.0,false,10,0.0,dsaD0.7,0.7,1.0,4,65,32386
0.0,false,10,0.0,dsaD0.7,0.7,1.0,4,66,32386
0.0,false,10,0.0,dsaD0.7,0.7,1.0,4,67,32386
0.0,false,10,0.0,dsaD0.7,0.7,1.0,4,68,32386
0.0,false,10,0.0,dsaD0.7,0.7,1.0,4,69,32386
0.0,false,10,0.0,dsaD0.7,0.7,1.0,4,70,32386
0.0,false,10,0.0,dsaD0.7,0.7,1.0,4,71,32386
0.0,false,10,0.0,dsaD0.7,0.7,1.0,4,72,32386
0.0,false,10,0.0,dsaD0.7,0.7,1.0,4,73,32386
0.0,false,10,0.0,dsaD0.7,0.7,1.0,4,74,32386
0.0,false,10,0.0,dsaD0.7,0.7,1.0,4,75,32386
0.0,false,10,0.0,dsaD0.7,0.7,1.0,4,76,32386
0.0,false,10,0.0,dsaD0.7,0.7,1.0,4,77,32386
0.0,false,10,0.0,dsaD0.7,0.7,1.0,4,78,32386
0.0,false,10,0.0,dsaD0.7,0.7,1.0,4,79,32386
0.0,false,10,0.0,dsaD0.7,0.7,1.0,4,80,32386
0.0,false,10,0.0,dsaD0.7,0.7,1.0,4,81,32386
0.0,false,10,0.0,dsaD0.7,0.7,1.0,4,82,32386
0.0,false,10,0.0,dsaD0.7,0.7,1.0,4,83,32386
0.0,false,10,0.0,dsaD0.7,0.7,1.0,4,84,32386
0.0,false,10,0.0,dsaD0.7,0.7,1.0,4,85,32386
0.0,false,10,0.0,dsaD0.7,0.7,1.0,4,86,32386
0.0,false,10,0.0,dsaD0.7,0.7,1.0,4,87,32386
0.0,false,10,0.0,dsaD0.7,0.7,1.0,4,88,32386
0.0,false,10,0.0,dsaD0.7,0.7,1.0,4,89,32386
0.0,false,10,0.0,dsaD0.7,0.7,1.0,4,90,32386
0.0,false,10,0.0,dsaD0.7,0.7,1.0,4,91,32386
0.0,false,10,0.0,dsaD0.7,0.7,1.0,4,92,32386
0.0,false,10,0.0,dsaD0.7,0.7,1.0,4,93,32386
0.0,false,10,0.0,dsaD0.7,0.7,1.0,4,94,32386
0.0,false,10,0.0,dsaD0.7,0.7,1.0,4,95,32386
0.0,false,10,0.0,dsaD0.7,0.7,1.0,4,96,32386
0.0,false,10,0.0,dsaD0.7,0.7,1.0,4,97,32386
0.0,false,10,0.0,dsaD0.7,0.7,1.0,4,98,32386
0.0,false,10,0.0,dsaD0.7,0.7,1.0,4,99,32386
0.0,false,10,0.0,dsaD0.7,0.7,1.0,4,100,32386
0.0,false,10,0.0,dsaD0.7,0.7,1.0,4,101,32386
0.0,false,10,0.0,dsaD0.7,0.7,1.0,4,102,32386
0.0,false,10,0.0,dsaD0.7,0.7,1.0,4,103,32386
0.0,false,10,0.0,dsaD0.7,0.7,1.0,4,104,32386
0.0,false,10,0.0,dsaD0.7,0.7,1.0,4,105,32386
0.0,false,10,0.0,dsaD0.7,0.7,1.0,4,106,32386
0.0,false,10,0.0,dsaD0.7,0.7,1.0,4,107,32386
0.0,false,10,0.0,dsaD0.7,0.7,1.0,4,108,32386
0.0,false,10,0.0,dsaD0.7,0.7,1.0,4,109,32386
0.0,false,10,0.0,dsaD0.7,0.7,1.0,4,110,32386
0.0,false,10,0.0,dsaD0.7,0.7,1.0,4,111,32386
0.0,false,10,0.0,dsaD0.7,0.7,1.0,4,112,32386
0.0,false,10,0.0,dsaD0.7,0.7,1.0,4,113,32386
0.0,false,10,0.0,dsaD0.7,0.7,1.0,4,114,32386
0.0,false,10,0.0,dsaD0.7,0.7,1.0,4,115,32386
0.0,false,10,0.0,dsaD0.7,0.7,1.0,4,116,32386
0.0,false,10,0.0,dsaD0.7,0.7,1.0,4,117,32386
0.0,false,10,0.0,dsaD0.7,0.7,1.0,4,118,32386
0.0,false,10,0.0,dsaD0.7,0.7,1.0,4,119,32386
0.0,false,10,0.0,dsaD0.7,0.7,1.0,4,120,32386
0.0,false,10,0.0,dsaD0.7,0.7,1.0,4,121,32386
0.0,false,10,0.0,dsaD0.7,0.7,1.0,4,122,32386
0.0,false,10,0.0,dsaD0.7,0.7,1.0,4,123,32386
0.0,false,10,0.0,dsaD0.7,0.7,1.0,4,124,32386
0.0,false,10,0.0,dsaD0.7,0.7,1.0,4,125,32386
0.0,false,10,0.0,dsaD0.7,0.7,1.0,4,126,32386
0.0,false,10,0.0,dsaD0.7,0.7,1.0,4,127,32386
0.0,false,10,0.0,dsaD0.7,0.7,1.0,4,128,32386
0.0,false,10,0.0,dsaD0.7,0.7,1.0,4,129,32386
0.0,false,10,0.0,dsaD0.7,0.7,1.0,4,130,32386
0.0,false,10,0.0,dsaD0.7,0.7,1.0,4,131,32386
0.0,false,10,0.0,dsaD0.7,0.7,1.0,4,132,32386
0.0,false,10,0.0,dsaD0.7,0.7,1.0,4,133,32386
0.0,false,10,0.0,dsaD0.7,0.7,1.0,4,134,32386
0.0,false,10,0.0,dsaD0.7,0.7,1.0,4,135,32386
0.0,false,10,0.0,dsaD0.7,0.7,1.0,4,136,32386
0.0,false,10,0.0,dsaD0.7,0.7,1.0,4,137,32386
0.0,false,10,0.0,dsaD0.7,0.7,1.0,4,138,32386
0.0,false,10,0.0,dsaD0.7,0.7,1.0,4,139,32386
0.0,false,10,0.0,dsaD0.7,0.7,1.0,4,140,32386
0.0,false,10,0.0,dsaD0.7,0.7,1.0,4,141,32386
0.0,false,10,0.0,dsaD0.7,0.7,1.0,4,142,32386
0.0,false,10,0.0,dsaD0.7,0.7,1.0,4,143,32386
0.0,false,10,0.0,dsaD0.7,0.7,1.0,4,144,32386
0.0,false,10,0.0,dsaD0.7,0.7,1.0,4,145,32386
0.0,false,10,0.0,dsaD0.7,0.7,1.0,4,146,32386
0.0,false,10,0.0,dsaD0.7,0.7,1.0,4,147,32386
0.0,false,10,0.0,dsaD0.7,0.7,1.0,4,148,32386
0.0,false,10,0.0,dsaD0.7,0.7,1.0,4,149,32386
0.0,false,10,0.0,dsaD0.7,0.7,1.0,4,150,32386
0.0,false,10,0.0,dsaD0.7,0.7,1.0,4,151,32386
0.0,false,10,0.0,dsaD0.7,0.7,1.0,4,152,32386
0.0,false,10,0.0,dsaD0.7,0.7,1.0,4,153,32386
0.0,false,10,0.0,dsaD0.7,0.7,1.0,4,154,32386
0.0,false,10,0.0,dsaD0.7,0.7,1.0,4,155,32386
0.0,false,10,0.0,dsaD0.7,0.7,1.0,4,156,32386
0.0,false,10,0.0,dsaD0.7,0.7,1.0,4,157,32386
0.0,false,10,0.0,dsaD0.7,0.7,1.0,4,158,32386
0.0,false,10,0.0,dsaD0.7,0.7,1.0,4,159,32386
0.0,false,10,0.0,dsaD0.7,0.7,1.0,4,160,32386
0.0,false,10,0.0,dsaD0.7,0.7,1.0,4,161,32386
0.0,false,10,0.0,dsaD0.7,0.7,1.0,4,162,32386
0.0,false,10,0.0,dsaD0.7,0.7,1.0,4,163,32386
0.0,false,10,0.0,dsaD0.7,0.7,1.0,4,164,32386
0.0,false,10,0.0,dsaD0.7,0.7,1.0,4,165,32386
0.0,false,10,0.0,dsaD0.7,0.7,1.0,4,166,32386
0.0,false,10,0.0,dsaD0.7,0.7,1.0,4,167,32386
0.0,false,10,0.0,dsaD0.7,0.7,1.0,4,168,32386
0.0,false,10,0.0,dsaD0.7,0.7,1.0,4,169,32386
0.0,false,10,0.0,dsaD0.7,0.7,1.0,4,170,32386
0.0,false,10,0.0,dsaD0.7,0.7,1.0,4,171,32386
0.0,false,10,0.0,dsaD0.7,0.7,1.0,4,172,32386
0.0,false,10,0.0,dsaD0.7,0.7,1.0,4,173,32386
0.0,false,10,0.0,dsaD0.7,0.7,1.0,4,174,32386
0.0,false,10,0.0,dsaD0.7,0.7,1.0,4,175,32386
0.0,false,10,0.0,dsaD0.7,0.7,1.0,4,176,32386
0.0,false,10,0.0,dsaD0.7,0.7,1.0,4,177,32386
0.0,false,10,0.0,dsaD0.7,0.7,1.0,4,178,32386
0.0,false,10,0.0,dsaD0.7,0.7,1.0,4,179,32386
0.0,false,10,0.0,dsaD0.7,0.7,1.0,4,180,32386
0.0,false,10,0.0,dsaD0.7,0.7,1.0,4,181,32386
0.0,false,10,0.0,dsaD0.7,0.7,1.0,4,182,32386
0.0,false,10,0.0,dsaD0.7,0.7,1.0,4,183,32386
0.0,false,10,0.0,dsaD0.7,0.7,1.0,4,184,32386
0.0,false,10,0.0,dsaD0.7,0.7,1.0,4,185,32386
0.0,false,10,0.0,dsaD0.7,0.7,1.0,4,186,32386
0.0,false,10,0.0,dsaD0.7,0.7,1.0,4,187,32386
0.0,false,10,0.0,dsaD0.7,0.7,1.0,4,188,32386
0.0,false,10,0.0,dsaD0.7,0.7,1.0,4,189,32386
0.0,false,10,0.0,dsaD0.7,0.7,1.0,4,190,32386
0.0,false,10,0.0,dsaD0.7,0.7,1.0,4,191,32386
0.0,false,10,0.0,dsaD0.7,0.7,1.0,4,192,32386
0.0,false,10,0.0,dsaD0.7,0.7,1.0,4,193,32386
0.0,false,10,0.0,dsaD0.7,0.7,1.0,4,194,32386
0.0,false,10,0.0,dsaD0.7,0.7,1.0,4,195,32386
0.0,false,10,0.0,dsaD0.7,0.7,1.0,4,196,32386
0.0,false,10,0.0,dsaD0.7,0.7,1.0,4,197,32386
0.0,false,10,0.0,dsaD0.7,0.7,1.0,4,198,32386
0.0,false,10,0.0,dsaD0.7,0.7,1.0,4,199,32386
0.0,false,10,0.0,dsaD0.7,0.7,1.0,5,0,43753
0.0,false,10,0.0,dsaD0.7,0.7,1.0,5,1,39403
0.0,false,10,0.0,dsaD0.7,0.7,1.0,5,2,37021
0.0,false,10,0.0,dsaD0.7,0.7,1.0,5,3,35690
0.0,false,10,0.0,dsaD0.7,0.7,1.0,5,4,35708
0.0,false,10,0.0,dsaD0.7,0.7,1.0,5,5,36603
0.0,false,10,0.0,dsaD0.7,0.7,1.0,5,6,35780
0.0,false,10,0.0,dsaD0.7,0.7,1.0,5,7,34682
0.0,false,10,0.0,dsaD0.7,0.7,1.0,5,8,35340
0.0,false,10,0.0,dsaD0.7,0.7,1.0,5,9,35138
0.0,false,10,0.0,dsaD0.7,0.7,1.0,5,10,34684
0.0,false,10,0.0,dsaD0.7,0.7,1.0,5,11,34015
0.0,false,10,0.0,dsaD0.7,0.7,1.0,5,12,33955
0.0,false,10,0.0,dsaD0.7,0.7,1.0,5,13,33713
0.0,false,10,0.0,dsaD0.7,0.7,1.0,5,14,33577
0.0,false,10,0.0,dsaD0.7,0.7,1.0,5,15,33347
0.0,false,10,0.0,dsaD0.7,0.7,1.0,5,16,33057
0.0,false,10,0.0,dsaD0.7,0.7,1.0,5,17,32920
0.0,false,10,0.0,dsaD0.7,0.7,1.0,5,18,32917
0.0,false,10,0.0,dsaD0.7,0.7,1.0,5,19,32840
0.0,false,10,0.0,dsaD0.7,0.7,1.0,5,20,32824
0.0,false,10,0.0,dsaD0.7,0.7,1.0,5,21,32806
0.0,false,10,0.0,dsaD0.7,0.7,1.0,5,22,32770
0.0,false,10,0.0,dsaD0.7,0.7,1.0,5,23,32770
0.0,false,10,0.0,dsaD0.7,0.7,1.0,5,24,32770
0.0,false,10,0.0,dsaD0.7,0.7,1.0,5,25,32770
0.0,false,10,0.0,dsaD0.7,0.7,1.0,5,26,32770
0.0,false,10,0.0,dsaD0.7,0.7,1.0,5,27,32770
0.0,false,10,0.0,dsaD0.7,0.7,1.0,5,28,32770
0.0,false,10,0.0,dsaD0.7,0.7,1.0,5,29,32770
0.0,false,10,0.0,dsaD0.7,0.7,1.0,5,30,32770
0.0,false,10,0.0,dsaD0.7,0.7,1.0,5,31,32770
0.0,false,10,0.0,dsaD0.7,0.7,1.0,5,32,32770
0.0,false,10,0.0,dsaD0.7,0.7,1.0,5,33,32770
0.0,false,10,0.0,dsaD0.7,0.7,1.0,5,34,32770
0.0,false,10,0.0,dsaD0.7,0.7,1.0,5,35,32770
0.0,false,10,0.0,dsaD0.7,0.7,1.0,5,36,32770
0.0,false,10,0.0,dsaD0.7,0.7,1.0,5,37,32770
0.0,false,10,0.0,dsaD0.7,0.7,1.0,5,38,32770
0.0,false,10,0.0,dsaD0.7,0.7,1.0,5,39,32770
0.0,false,10,0.0,dsaD0.7,0.7,1.0,5,40,32770
0.0,false,10,0.0,dsaD0.7,0.7,1.0,5,41,32770
0.0,false,10,0.0,dsaD0.7,0.7,1.0,5,42,32770
0.0,false,10,0.0,dsaD0.7,0.7,1.0,5,43,32770
0.0,false,10,0.0,dsaD0.7,0.7,1.0,5,44,32770
0.0,false,10,0.0,dsaD0.7,0.7,1.0,5,45,32770
0.0,false,10,0.0,dsaD0.7,0.7,1.0,5,46,32770
0.0,false,10,0.0,dsaD0.7,0.7,1.0,5,47,32770
0.0,false,10,0.0,dsaD0.7,0.7,1.0,5,48,32770
0.0,false,10,0.0,dsaD0.7,0.7,1.0,5,49,32770
0.0,false,10,0.0,dsaD0.7,0.7,1.0,5,50,32770
0.0,false,10,0.0,dsaD0.7,0.7,1.0,5,51,32770
0.0,false,10,0.0,dsaD0.7,0.7,1.0,5,52,32770
0.0,false,10,0.0,dsaD0.7,0.7,1.0,5,53,32770
0.0,false,10,0.0,dsaD0.7,0.7,1.0,5,54,32770
0.0,false,10,0.0,dsaD0.7,0.7,1.0,5,55,32770
0.0,false,10,0.0,dsaD0.7,0.7,1.0,5,56,32770
0.0,false,10,0.0,dsaD0.7,0.7,1.0,5,57,32770
0.0,false,10,0.0,dsaD0.7,0.7,1.0,5,58,32770
0.0,false,10,0.0,dsaD0.7,0.7,1.0,5,59,32770
0.0,false,10,0.0,dsaD0.7,0.7,1.0,5,60,32770
0.0,false,10,0.0,dsaD0.7,0.7,1.0,5,61,32770
0.0,false,10,0.0,dsaD0.7,0.7,1.0,5,62,32770
0.0,false,10,0.0,dsaD0.7,0.7,1.0,5,63,32770
0.0,false,10,0.0,dsaD0.7,0.7,1.0,5,64,32770
0.0,false,10,0.0,dsaD0.7,0.7,1.0,5,65,32770
0.0,false,10,0.0,dsaD0.7,0.7,1.0,5,66,32770
0.0,false,10,0.0,dsaD0.7,0.7,1.0,5,67,32770
0.0,false,10,0.0,dsaD0.7,0.7,1.0,5,68,32770
0.0,false,10,0.0,dsaD0.7,0.7,1.0,5,69,32770
0.0,false,10,0.0,dsaD0.7,0.7,1.0,5,70,32770
0.0,false,10,0.0,dsaD0.7,0.7,1.0,5,71,32770
0.0,false,10,0.0,dsaD0.7,0.7,1.0,5,72,32770
0.0,false,10,0.0,dsaD0.7,0.7,1.0,5,73,32770
0.0,false,10,0.0,dsaD0.7,0.7,1.0,5,74,32770
0.0,false,10,0.0,dsaD0.7,0.7,1.0,5,75,32770
0.0,false,10,0.0,dsaD0.7,0.7,1.0,5,76,32770
0.0,false,10,0.0,dsaD0.7,0.7,1.0,5,77,32770
0.0,false,10,0.0,dsaD0.7,0.7,1.0,5,78,32770
0.0,false,10,0.0,dsaD0.7,0.7,1.0,5,79,32770
0.0,false,10,0.0,dsaD0.7,0.7,1.0,5,80,32770
0.0,false,10,0.0,dsaD0.7,0.7,1.0,5,81,32770
0.0,false,10,0.0,dsaD0.7,0.7,1.0,5,82,32770
0.0,false,10,0.0,dsaD0.7,0.7,1.0,5,83,32770
0.0,false,10,0.0,dsaD0.7,0.7,1.0,5,84,32770
0.0,false,10,0.0,dsaD0.7,0.7,1.0,5,85,32770
0.0,false,10,0.0,dsaD0.7,0.7,1.0,5,86,32770
0.0,false,10,0.0,dsaD0.7,0.7,1.0,5,87,32770
0.0,false,10,0.0,dsaD0.7,0.7,1.0,5,88,32770
0.0,false,10,0.0,dsaD0.7,0.7,1.0,5,89,32770
0.0,false,10,0.0,dsaD0.7,0.7,1.0,5,90,32770
0.0,false,10,0.0,dsaD0.7,0.7,1.0,5,91,32770
0.0,false,10,0.0,dsaD0.7,0.7,1.0,5,92,32770
0.0,false,10,0.0,dsaD0.7,0.7,1.0,5,93,32770
0.0,false,10,0.0,dsaD0.7,0.7,1.0,5,94,32770
0.0,false,10,0.0,dsaD0.7,0.7,1.0,5,95,32770
0.0,false,10,0.0,dsaD0.7,0.7,1.0,5,96,32770
0.0,false,10,0.0,dsaD0.7,0.7,1.0,5,97,32770
0.0,false,10,0.0,dsaD0.7,0.7,1.0,5,98,32770
0.0,false,10,0.0,dsaD0.7,0.7,1.0,5,99,32770
0.0,false,10,0.0,dsaD0.7,0.7,1.0,5,100,32770
0.0,false,10,0.0,dsaD0.7,0.7,1.0,5,101,32770
0.0,false,10,0.0,dsaD0.7,0.7,1.0,5,102,32770
0.0,false,10,0.0,dsaD0.7,0.7,1.0,5,103,32770
0.0,false,10,0.0,dsaD0.7,0.7,1.0,5,104,32770
0.0,false,10,0.0,dsaD0.7,0.7,1.0,5,105,32770
0.0,false,10,0.0,dsaD0.7,0.7,1.0,5,106,32770
0.0,false,10,0.0,dsaD0.7,0.7,1.0,5,107,32770
0.0,false,10,0.0,dsaD0.7,0.7,1.0,5,108,32770
0.0,false,10,0.0,dsaD0.7,0.7,1.0,5,109,32770
0.0,false,10,0.0,dsaD0.7,0.7,1.0,5,110,32770
0.0,false,10,0.0,dsaD0.7,0.7,1.0,5,111,32770
0.0,false,10,0.0,dsaD0.7,0.7,1.0,5,112,32770
0.0,false,10,0.0,dsaD0.7,0.7,1.0,5,113,32770
0.0,false,10,0.0,dsaD0.7,0.7,1.0,5,114,32770
0.0,false,10,0.0,dsaD0.7,0.7,1.0,5,115,32770
0.0,false,10,0.0,dsaD0.7,0.7,1.0,5,116,32770
0.0,false,10,0.0,dsaD0.7,0.7,1.0,5,117,32770
0.0,false,10,0.0,dsaD0.7,0.7,1.0,5,118,32770
0.0,false,10,0.0,dsaD0.7,0.7,1.0,5,119,32770
0.0,false,10,0.0,dsaD0.7,0.7,1.0,5,120,32770
0.0,false,10,0.0,dsaD0.7,0.7,1.0,5,121,32770
0.0,false,10,0.0,dsaD0.7,0.7,1.0,5,122,32770
0.0,false,10,0.0,dsaD0.7,0.7,1.0,5,123,32770
0.0,false,10,0.0,dsaD0.7,0.7,1.0,5,124,32770
0.0,false,10,0.0,dsaD0.7,0.7,1.0,5,125,32770
0.0,false,10,0.0,dsaD0.7,0.7,1.0,5,126,32770
0.0,false,10,0.0,dsaD0.7,0.7,1.0,5,127,32770
0.0,false,10,0.0,dsaD0.7,0.7,1.0,5,128,32770
0.0,false,10,0.0,dsaD0.7,0.7,1.0,5,129,32770
0.0,false,10,0.0,dsaD0.7,0.7,1.0,5,130,32770
0.0,false,10,0.0,dsaD0.7,0.7,1.0,5,131,32770
0.0,false,10,0.0,dsaD0.7,0.7,1.0,5,132,32770
0.0,false,10,0.0,dsaD0.7,0.7,1.0,5,133,32770
0.0,false,10,0.0,dsaD0.7,0.7,1.0,5,134,32770
0.0,false,10,0.0,dsaD0.7,0.7,1.0,5,135,32770
0.0,false,10,0.0,dsaD0.7,0.7,1.0,5,136,32770
0.0,false,10,0.0,dsaD0.7,0.7,1.0,5,137,32770
0.0,false,10,0.0,dsaD0.7,0.7,1.0,5,138,32770
0.0,false,10,0.0,dsaD0.7,0.7,1.0,5,139,32770
0.0,false,10,0.0,dsaD0.7,0.7,1.0,5,140,32770
0.0,false,10,0.0,dsaD0.7,0.7,1.0,5,141,32770
0.0,false,10,0.0,dsaD0.7,0.7,1.0,5,142,32770
0.0,false,10,0.0,dsaD0.7,0.7,1.0,5,143,32770
0.0,false,10,0.0,dsaD0.7,0.7,1.0,5,144,32770
0.0,false,10,0.0,dsaD0.7,0.7,1.0,5,145,32770
0.0,false,10,0.0,dsaD0.7,0.7,1.0,5,146,32770
0.0,false,10,0.0,dsaD0.7,0.7,1.0,5,147,32770
0.0,false,10,0.0,dsaD0.7,0.7,1.0,5,148,32770
0.0,false,10,0.0,dsaD0.7,0.7,1.0,5,149,32770
0.0,false,10,0.0,dsaD0.7,0.7,1.0,5,150,32770
0.0,false,10,0.0,dsaD0.7,0.7,1.0,5,151,32770
0.0,false,10,0.0,dsaD0.7,0.7,1.0,5,152,32770
0.0,false,10,0.0,dsaD0.7,0.7,1.0,5,153,32770
0.0,false,10,0.0,dsaD0.7,0.7,1.0,5,154,32770
0.0,false,10,0.0,dsaD0.7,0.7,1.0,5,155,32770
0.0,false,10,0.0,dsaD0.7,0.7,1.0,5,156,32770
0.0,false,10,0.0,dsaD0.7,0.7,1.0,5,157,32770
0.0,false,10,0.0,dsaD0.7,0.7,1.0,5,158,32770
0.0,false,10,0.0,dsaD0.7,0.7,1.0,5,159,32770
0.0,false,10,0.0,dsaD0.7,0.7,1.0,5,160,32770
0.0,false,10,0.0,dsaD0.7,0.7,1.0,5,161,32770
0.0,false,10,0.0,dsaD0.7,0.7,1.0,5,162,32770
0.0,false,10,0.0,dsaD0.7,0.7,1.0,5,163,32770
0.0,false,10,0.0,dsaD0.7,0.7,1.0,5,164,32770
0.0,false,10,0.0,dsaD0.7,0.7,1.0,5,165,32770
0.0,false,10,0.0,dsaD0.7,0.7,1.0,5,166,32770
0.0,false,10,0.0,dsaD0.7,0.7,1.0,5,167,32770
0.0,false,10,0.0,dsaD0.7,0.7,1.0,5,168,32770
0.0,false,10,0.0,dsaD0.7,0.7,1.0,5,169,32770
0.0,false,10,0.0,dsaD0.7,0.7,1.0,5,170,32770
0.0,false,10,0.0,dsaD0.7,0.7,1.0,5,171,32770
0.0,false,10,0.0,dsaD0.7,0.7,1.0,5,172,32770
0.0,false,10,0.0,dsaD0.7,0.7,1.0,5,173,32770
0.0,false,10,0.0,dsaD0.7,0.7,1.0,5,174,32770
0.0,false,10,0.0,dsaD0.7,0.7,1.0,5,175,32770
0.0,false,10,0.0,dsaD0.7,0.7,1.0,5,176,32770
0.0,false,10,0.0,dsaD0.7,0.7,1.0,5,177,32770
0.0,false,10,0.0,dsaD0.7,0.7,1.0,5,178,32770
0.0,false,10,0.0,dsaD0.7,0.7,1.0,5,179,32770
0.0,false,10,0.0,dsaD0.7,0.7,1.0,5,180,32770
0.0,false,10,0.0,dsaD0.7,0.7,1.0,5,181,32770
0.0,false,10,0.0,dsaD0.7,0.7,1.0,5,182,32770
0.0,false,10,0.0,dsaD0.7,0.7,1.0,5,183,32770
0.0,false,10,0.0,dsaD0.7,0.7,1.0,5,184,32770
0.0,false,10,0.0,dsaD0.7,0.7,1.0,5,185,32770
0.0,false,10,0.0,dsaD0.7,0.7,1.0,5,186,32770
0.0,false,10,0.0,dsaD0.7,0.7,1.0,5,187,32770
0.0,false,10,0.0,dsaD0.7,0.7,1.0,5,188,32770
0.0,false,10,0.0,dsaD0.7,0.7,1.0,5,189,32770
0.0,false,10,0.0,dsaD0.7,0.7,1.0,5,190,32770
0.0,false,10,0.0,dsaD0.7,0.7,1.0,5,191,32770
0.0,false,10,0.0,dsaD0.7,0.7,1.0,5,192,32770
0.0,false,10,0.0,dsaD0.7,0.7,1.0,5,193,32770
0.0,false,10,0.0,dsaD0.7,0.7,1.0,5,194,32770
0.0,false,10,0.0,dsaD0.7,0.7,1.0,5,195,32770
0.0,false,10,0.0,dsaD0.7,0.7,1.0,5,196,32770
0.0,false,10,0.0,dsaD0.7,0.7,1.0,5,197,32770
0.0,false,10,0.0,dsaD0.7,0.7,1.0,5,198,32770
0.0,false,10,0.0,dsaD0.7,0.7,1.0,5,199,32770
