p3,date_known,ub,p4,algo,p1,p2,mean_run,iteration,real_cost,father_cost,anytime_cost
0.5,true,10,0.0,UnsynchMono,0.7,1.0,1,0,2147483647,2147483647,2147483647
0.5,true,10,0.0,UnsynchMono,0.7,1.0,1,1,2147483647,2147483647,2147483647
0.5,true,10,0.0,UnsynchMono,0.7,1.0,1,2,2147483647,2147483647,2147483647
0.5,true,10,0.0,UnsynchMono,0.7,1.0,1,3,2147483647,2147483647,2147483647
0.5,true,10,0.0,UnsynchMono,0.7,1.0,1,4,2147483647,2147483647,2147483647
0.5,true,10,0.0,UnsynchMono,0.7,1.0,1,5,2147483647,2147483647,2147483647
0.5,true,10,0.0,UnsynchMono,0.7,1.0,1,6,2147483647,2147483647,2147483647
0.5,true,10,0.0,UnsynchMono,0.7,1.0,1,7,2147483647,2147483647,2147483647
0.5,true,10,0.0,UnsynchMono,0.7,1.0,1,8,2147483647,2147483647,2147483647
0.5,true,10,0.0,UnsynchMono,0.7,1.0,1,9,2147483647,2147483647,2147483647
0.5,true,10,0.0,UnsynchMono,0.7,1.0,1,10,2147483647,2147483647,2147483647
0.5,true,10,0.0,UnsynchMono,0.7,1.0,1,11,2147483647,2147483647,2147483647
0.5,true,10,0.0,UnsynchMono,0.7,1.0,1,12,2147483647,2147483647,2147483647
0.5,true,10,0.0,UnsynchMono,0.7,1.0,1,13,2147483647,2147483647,2147483647
0.5,true,10,0.0,UnsynchMono,0.7,1.0,1,14,2147483647,2147483647,2147483647
0.5,true,10,0.0,UnsynchMono,0.7,1.0,1,15,2147483647,2147483647,2147483647
0.5,true,10,0.0,UnsynchMono,0.7,1.0,1,16,2147483647,2147483647,2147483647
0.5,true,10,0.0,UnsynchMono,0.7,1.0,1,17,2147483647,2147483647,2147483647
0.5,true,10,0.0,UnsynchMono,0.7,1.0,1,18,2147483647,2147483647,2147483647
0.5,true,10,0.0,UnsynchMono,0.7,1.0,1,19,2147483647,2147483647,2147483647
0.5,true,10,0.0,UnsynchMono,0.7,1.0,1,20,2147483647,2147483647,2147483647
0.5,true,10,0.0,UnsynchMono,0.7,1.0,1,21,2147483647,2147483647,2147483647
0.5,true,10,0.0,UnsynchMono,0.7,1.0,1,22,2147483647,2147483647,2147483647
0.5,true,10,0.0,UnsynchMono,0.7,1.0,1,23,2147483647,2147483647,2147483647
0.5,true,10,0.0,UnsynchMono,0.7,1.0,1,24,2147483647,2147483647,2147483647
0.5,true,10,0.0,UnsynchMono,0.7,1.0,1,25,2147483647,2147483647,2147483647
0.5,true,10,0.0,UnsynchMono,0.7,1.0,1,26,2147483647,2147483647,2147483647
0.5,true,10,0.0,UnsynchMono,0.7,1.0,1,27,2147483647,2147483647,2147483647
0.5,true,10,0.0,UnsynchMono,0.7,1.0,1,28,2147483647,2147483647,2147483647
0.5,true,10,0.0,UnsynchMono,0.7,1.0,1,29,2147483647,2147483647,2147483647
0.5,true,10,0.0,UnsynchMono,0.7,1.0,1,30,2147483647,2147483647,2147483647
0.5,true,10,0.0,UnsynchMono,0.7,1.0,1,31,2147483647,2147483647,2147483647
0.5,true,10,0.0,UnsynchMono,0.7,1.0,1,32,2147483647,2147483647,2147483647
0.5,true,10,0.0,UnsynchMono,0.7,1.0,1,33,2147483647,2147483647,2147483647
0.5,true,10,0.0,UnsynchMono,0.7,1.0,1,34,2147483647,2147483647,2147483647
0.5,true,10,0.0,UnsynchMono,0.7,1.0,1,35,2147483647,2147483647,2147483647
0.5,true,10,0.0,UnsynchMono,0.7,1.0,1,36,2147483647,2147483647,2147483647
0.5,true,10,0.0,UnsynchMono,0.7,1.0,1,37,2147483647,2147483647,2147483647
0.5,true,10,0.0,UnsynchMono,0.7,1.0,1,38,2147483647,2147483647,2147483647
0.5,true,10,0.0,UnsynchMono,0.7,1.0,1,39,2147483647,2147483647,2147483647
0.5,true,10,0.0,UnsynchMono,0.7,1.0,1,40,2147483647,2147483647,2147483647
0.5,true,10,0.0,UnsynchMono,0.7,1.0,1,41,2147483647,2147483647,2147483647
0.5,true,10,0.0,UnsynchMono,0.7,1.0,1,42,2147483647,2147483647,2147483647
0.5,true,10,0.0,UnsynchMono,0.7,1.0,1,43,2147483647,2147483647,2147483647
0.5,true,10,0.0,UnsynchMono,0.7,1.0,1,44,2147483647,2147483647,2147483647
0.5,true,10,0.0,UnsynchMono,0.7,1.0,1,45,2147483647,2147483647,2147483647
0.5,true,10,0.0,UnsynchMono,0.7,1.0,1,46,2147483647,2147483647,2147483647
0.5,true,10,0.0,UnsynchMono,0.7,1.0,1,47,2147483647,2147483647,2147483647
0.5,true,10,0.0,UnsynchMono,0.7,1.0,1,48,2147483647,2147483647,2147483647
0.5,true,10,0.0,UnsynchMono,0.7,1.0,1,49,2147483647,2147483647,2147483647
0.5,true,10,0.0,UnsynchMono,0.7,1.0,1,50,2147483647,2147483647,2147483647
0.5,true,10,0.0,UnsynchMono,0.7,1.0,1,51,2147483647,2147483647,2147483647
0.5,true,10,0.0,UnsynchMono,0.7,1.0,1,52,2147483647,2147483647,2147483647
0.5,true,10,0.0,UnsynchMono,0.7,1.0,1,53,669,2147483647,2147483647
0.5,true,10,0.0,UnsynchMono,0.7,1.0,1,54,669,2147483647,2147483647
0.5,true,10,0.0,UnsynchMono,0.7,1.0,1,55,669,2147483647,2147483647
0.5,true,10,0.0,UnsynchMono,0.7,1.0,1,56,669,2147483647,2147483647
0.5,true,10,0.0,UnsynchMono,0.7,1.0,1,57,669,2147483647,2147483647
0.5,true,10,0.0,UnsynchMono,0.7,1.0,1,58,669,2147483647,2147483647
0.5,true,10,0.0,UnsynchMono,0.7,1.0,1,59,669,2147483647,2147483647
0.5,true,10,0.0,UnsynchMono,0.7,1.0,1,60,669,2147483647,2147483647
0.5,true,10,0.0,UnsynchMono,0.7,1.0,1,61,669,2147483647,2147483647
0.5,true,10,0.0,UnsynchMono,0.7,1.0,1,62,669,2147483647,2147483647
0.5,true,10,0.0,UnsynchMono,0.7,1.0,1,63,669,2147483647,2147483647
0.5,true,10,0.0,UnsynchMono,0.7,1.0,1,64,669,2147483647,2147483647
0.5,true,10,0.0,UnsynchMono,0.7,1.0,1,65,669,2147483647,2147483647
0.5,true,10,0.0,UnsynchMono,0.7,1.0,1,66,669,2147483647,2147483647
0.5,true,10,0.0,UnsynchMono,0.7,1.0,1,67,669,2147483647,2147483647
0.5,true,10,0.0,UnsynchMono,0.7,1.0,1,68,669,2147483647,2147483647
0.5,true,10,0.0,UnsynchMono,0.7,1.0,1,69,669,2147483647,2147483647
0.5,true,10,0.0,UnsynchMono,0.7,1.0,1,70,669,2147483647,2147483647
0.5,true,10,0.0,UnsynchMono,0.7,1.0,1,71,669,2147483647,2147483647
0.5,true,10,0.0,UnsynchMono,0.7,1.0,1,72,669,2147483647,2147483647
0.5,true,10,0.0,UnsynchMono,0.7,1.0,1,73,664,2147483647,2147483647
0.5,true,10,0.0,UnsynchMono,0.7,1.0,1,74,664,2147483647,2147483647
0.5,true,10,0.0,UnsynchMono,0.7,1.0,1,75,664,2147483647,2147483647
0.5,true,10,0.0,UnsynchMono,0.7,1.0,1,76,664,2147483647,2147483647
0.5,true,10,0.0,UnsynchMono,0.7,1.0,1,77,664,2147483647,2147483647
0.5,true,10,0.0,UnsynchMono,0.7,1.0,1,78,664,669,2147483647
0.5,true,10,0.0,UnsynchMono,0.7,1.0,1,79,664,669,2147483647
0.5,true,10,0.0,UnsynchMono,0.7,1.0,1,80,664,669,2147483647
0.5,true,10,0.0,UnsynchMono,0.7,1.0,1,81,664,669,2147483647
0.5,true,10,0.0,UnsynchMono,0.7,1.0,1,82,664,669,2147483647
0.5,true,10,0.0,UnsynchMono,0.7,1.0,1,83,664,669,2147483647
0.5,true,10,0.0,UnsynchMono,0.7,1.0,1,84,664,669,2147483647
0.5,true,10,0.0,UnsynchMono,0.7,1.0,1,85,664,669,2147483647
0.5,true,10,0.0,UnsynchMono,0.7,1.0,1,86,664,669,2147483647
0.5,true,10,0.0,UnsynchMono,0.7,1.0,1,87,635,669,2147483647
0.5,true,10,0.0,UnsynchMono,0.7,1.0,1,88,635,669,2147483647
0.5,true,10,0.0,UnsynchMono,0.7,1.0,1,89,635,669,2147483647
0.5,true,10,0.0,UnsynchMono,0.7,1.0,1,90,635,669,2147483647
0.5,true,10,0.0,UnsynchMono,0.7,1.0,1,91,635,669,2147483647
0.5,true,10,0.0,UnsynchMono,0.7,1.0,1,92,635,669,2147483647
0.5,true,10,0.0,UnsynchMono,0.7,1.0,1,93,635,669,2147483647
0.5,true,10,0.0,UnsynchMono,0.7,1.0,1,94,635,669,2147483647
0.5,true,10,0.0,UnsynchMono,0.7,1.0,1,95,635,669,2147483647
0.5,true,10,0.0,UnsynchMono,0.7,1.0,1,96,635,669,2147483647
0.5,true,10,0.0,UnsynchMono,0.7,1.0,1,97,635,669,2147483647
0.5,true,10,0.0,UnsynchMono,0.7,1.0,1,98,635,669,2147483647
0.5,true,10,0.0,UnsynchMono,0.7,1.0,1,99,635,669,2147483647
0.5,true,10,0.0,UnsynchMono,0.7,1.0,1,100,635,669,2147483647
0.5,true,10,0.0,UnsynchMono,0.7,1.0,1,101,635,669,2147483647
0.5,true,10,0.0,UnsynchMono,0.7,1.0,1,102,635,669,2147483647
0.5,true,10,0.0,UnsynchMono,0.7,1.0,1,103,635,669,2147483647
0.5,true,10,0.0,UnsynchMono,0.7,1.0,1,104,635,669,669
0.5,true,10,0.0,UnsynchMono,0.7,1.0,1,105,635,669,669
0.5,true,10,0.0,UnsynchMono,0.7,1.0,1,106,635,669,669
0.5,true,10,0.0,UnsynchMono,0.7,1.0,1,107,635,669,669
0.5,true,10,0.0,UnsynchMono,0.7,1.0,1,108,635,669,669
0.5,true,10,0.0,UnsynchMono,0.7,1.0,1,109,635,669,669
0.5,true,10,0.0,UnsynchMono,0.7,1.0,1,110,635,669,669
0.5,true,10,0.0,UnsynchMono,0.7,1.0,1,111,635,669,669
0.5,true,10,0.0,UnsynchMono,0.7,1.0,1,112,635,669,669
0.5,true,10,0.0,UnsynchMono,0.7,1.0,1,113,635,669,669
0.5,true,10,0.0,UnsynchMono,0.7,1.0,1,114,635,669,669
0.5,true,10,0.0,UnsynchMono,0.7,1.0,1,115,635,669,669
0.5,true,10,0.0,UnsynchMono,0.7,1.0,1,116,635,669,669
0.5,true,10,0.0,UnsynchMono,0.7,1.0,1,117,635,669,669
0.5,true,10,0.0,UnsynchMono,0.7,1.0,1,118,635,669,669
0.5,true,10,0.0,UnsynchMono,0.7,1.0,1,119,635,669,669
0.5,true,10,0.0,UnsynchMono,0.7,1.0,1,120,635,669,669
0.5,true,10,0.0,UnsynchMono,0.7,1.0,1,121,635,669,669
0.5,true,10,0.0,UnsynchMono,0.7,1.0,1,122,635,669,669
0.5,true,10,0.0,UnsynchMono,0.7,1.0,1,123,635,669,669
0.5,true,10,0.0,UnsynchMono,0.7,1.0,1,124,635,669,669
0.5,true,10,0.0,UnsynchMono,0.7,1.0,1,125,635,635,669
0.5,true,10,0.0,UnsynchMono,0.7,1.0,1,126,635,635,669
0.5,true,10,0.0,UnsynchMono,0.7,1.0,1,127,635,635,669
0.5,true,10,0.0,UnsynchMono,0.7,1.0,1,128,635,635,669
0.5,true,10,0.0,UnsynchMono,0.7,1.0,1,129,635,635,669
0.5,true,10,0.0,UnsynchMono,0.7,1.0,1,130,635,635,669
0.5,true,10,0.0,UnsynchMono,0.7,1.0,1,131,635,635,669
0.5,true,10,0.0,UnsynchMono,0.7,1.0,1,132,635,635,669
0.5,true,10,0.0,UnsynchMono,0.7,1.0,1,133,635,635,669
0.5,true,10,0.0,UnsynchMono,0.7,1.0,1,134,635,635,669
0.5,true,10,0.0,UnsynchMono,0.7,1.0,1,135,635,635,669
0.5,true,10,0.0,UnsynchMono,0.7,1.0,1,136,635,635,669
0.5,true,10,0.0,UnsynchMono,0.7,1.0,1,137,635,635,669
0.5,true,10,0.0,UnsynchMono,0.7,1.0,1,138,635,635,669
0.5,true,10,0.0,UnsynchMono,0.7,1.0,1,139,635,635,669
0.5,true,10,0.0,UnsynchMono,0.7,1.0,1,140,635,635,669
0.5,true,10,0.0,UnsynchMono,0.7,1.0,1,141,635,635,669
0.5,true,10,0.0,UnsynchMono,0.7,1.0,1,142,635,635,669
0.5,true,10,0.0,UnsynchMono,0.7,1.0,1,143,635,635,669
0.5,true,10,0.0,UnsynchMono,0.7,1.0,1,144,635,635,669
0.5,true,10,0.0,UnsynchMono,0.7,1.0,1,145,635,635,669
0.5,true,10,0.0,UnsynchMono,0.7,1.0,1,146,635,635,669
0.5,true,10,0.0,UnsynchMono,0.7,1.0,1,147,635,635,669
0.5,true,10,0.0,UnsynchMono,0.7,1.0,1,148,635,635,669
0.5,true,10,0.0,UnsynchMono,0.7,1.0,1,149,635,635,669
0.5,true,10,0.0,UnsynchMono,0.7,1.0,1,150,635,635,669
0.5,true,10,0.0,UnsynchMono,0.7,1.0,1,151,635,635,669
0.5,true,10,0.0,UnsynchMono,0.7,1.0,1,152,635,635,664
0.5,true,10,0.0,UnsynchMono,0.7,1.0,1,153,635,635,664
0.5,true,10,0.0,UnsynchMono,0.7,1.0,1,154,635,635,664
0.5,true,10,0.0,UnsynchMono,0.7,1.0,1,155,635,635,664
0.5,true,10,0.0,UnsynchMono,0.7,1.0,1,156,635,635,664
0.5,true,10,0.0,UnsynchMono,0.7,1.0,1,157,635,635,664
0.5,true,10,0.0,UnsynchMono,0.7,1.0,1,158,635,635,664
0.5,true,10,0.0,UnsynchMono,0.7,1.0,1,159,635,635,664
0.5,true,10,0.0,UnsynchMono,0.7,1.0,1,160,635,635,664
0.5,true,10,0.0,UnsynchMono,0.7,1.0,1,161,635,635,664
0.5,true,10,0.0,UnsynchMono,0.7,1.0,1,162,635,635,664
0.5,true,10,0.0,UnsynchMono,0.7,1.0,1,163,635,635,664
0.5,true,10,0.0,UnsynchMono,0.7,1.0,1,164,635,635,664
0.5,true,10,0.0,UnsynchMono,0.7,1.0,1,165,635,635,664
0.5,true,10,0.0,UnsynchMono,0.7,1.0,1,166,635,635,664
0.5,true,10,0.0,UnsynchMono,0.7,1.0,1,167,635,635,664
0.5,true,10,0.0,UnsynchMono,0.7,1.0,1,168,635,635,664
0.5,true,10,0.0,UnsynchMono,0.7,1.0,1,169,635,635,664
0.5,true,10,0.0,UnsynchMono,0.7,1.0,1,170,635,635,664
0.5,true,10,0.0,UnsynchMono,0.7,1.0,1,171,635,635,664
0.5,true,10,0.0,UnsynchMono,0.7,1.0,1,172,635,635,664
0.5,true,10,0.0,UnsynchMono,0.7,1.0,1,173,635,635,664
0.5,true,10,0.0,UnsynchMono,0.7,1.0,1,174,635,635,635
0.5,true,10,0.0,UnsynchMono,0.7,1.0,1,175,635,635,635
0.5,true,10,0.0,UnsynchMono,0.7,1.0,1,176,635,635,635
0.5,true,10,0.0,UnsynchMono,0.7,1.0,1,177,635,635,635
0.5,true,10,0.0,UnsynchMono,0.7,1.0,1,178,635,635,635
0.5,true,10,0.0,UnsynchMono,0.7,1.0,1,179,635,635,635
0.5,true,10,0.0,UnsynchMono,0.7,1.0,1,180,635,635,635
0.5,true,10,0.0,UnsynchMono,0.7,1.0,1,181,635,635,635
0.5,true,10,0.0,UnsynchMono,0.7,1.0,1,182,635,635,635
0.5,true,10,0.0,UnsynchMono,0.7,1.0,1,183,635,635,635
0.5,true,10,0.0,UnsynchMono,0.7,1.0,1,184,635,635,635
0.5,true,10,0.0,UnsynchMono,0.7,1.0,1,185,635,635,635
0.5,true,10,0.0,UnsynchMono,0.7,1.0,1,186,635,635,635
0.5,true,10,0.0,UnsynchMono,0.7,1.0,1,187,635,635,635
0.5,true,10,0.0,UnsynchMono,0.7,1.0,1,188,635,635,635
0.5,true,10,0.0,UnsynchMono,0.7,1.0,1,189,635,635,635
0.5,true,10,0.0,UnsynchMono,0.7,1.0,1,190,635,635,635
0.5,true,10,0.0,UnsynchMono,0.7,1.0,1,191,635,635,635
0.5,true,10,0.0,UnsynchMono,0.7,1.0,1,192,635,635,635
0.5,true,10,0.0,UnsynchMono,0.7,1.0,1,193,635,635,635
0.5,true,10,0.0,UnsynchMono,0.7,1.0,1,194,635,635,635
0.5,true,10,0.0,UnsynchMono,0.7,1.0,1,195,635,635,635
0.5,true,10,0.0,UnsynchMono,0.7,1.0,1,196,635,635,635
0.5,true,10,0.0,UnsynchMono,0.7,1.0,1,197,635,635,635
0.5,true,10,0.0,UnsynchMono,0.7,1.0,1,198,635,635,635
0.5,true,10,0.0,UnsynchMono,0.7,1.0,1,199,635,635,635
0.5,true,10,0.0,UnsynchMono,0.7,1.0,1,200,635,635,635
0.5,true,10,0.0,UnsynchMono,0.7,1.0,1,201,635,635,635
0.5,true,10,0.0,UnsynchMono,0.7,1.0,1,202,635,635,635
0.5,true,10,0.0,UnsynchMono,0.7,1.0,1,203,635,635,635
0.5,true,10,0.0,UnsynchMono,0.7,1.0,1,204,635,635,635
0.5,true,10,0.0,UnsynchMono,0.7,1.0,1,205,635,635,635
0.5,true,10,0.0,UnsynchMono,0.7,1.0,1,206,635,635,635
0.5,true,10,0.0,UnsynchMono,0.7,1.0,1,207,635,635,635
0.5,true,10,0.0,UnsynchMono,0.7,1.0,1,208,635,635,635
0.5,true,10,0.0,UnsynchMono,0.7,1.0,1,209,635,635,635
0.5,true,10,0.0,UnsynchMono,0.7,1.0,1,210,635,635,635
0.5,true,10,0.0,UnsynchMono,0.7,1.0,1,211,635,635,635
0.5,true,10,0.0,UnsynchMono,0.7,1.0,1,212,635,635,635
0.5,true,10,0.0,UnsynchMono,0.7,1.0,1,213,635,635,635
0.5,true,10,0.0,UnsynchMono,0.7,1.0,1,214,635,635,635
0.5,true,10,0.0,UnsynchMono,0.7,1.0,1,215,635,635,635
0.5,true,10,0.0,UnsynchMono,0.7,1.0,1,216,635,635,635
0.5,true,10,0.0,UnsynchMono,0.7,1.0,1,217,635,635,635
0.5,true,10,0.0,UnsynchMono,0.7,1.0,1,218,635,635,635
0.5,true,10,0.0,UnsynchMono,0.7,1.0,1,219,635,635,635
0.5,true,10,0.0,UnsynchMono,0.7,1.0,1,220,635,635,635
0.5,true,10,0.0,UnsynchMono,0.7,1.0,1,221,635,635,635
0.5,true,10,0.0,UnsynchMono,0.7,1.0,1,222,635,635,635
0.5,true,10,0.0,UnsynchMono,0.7,1.0,1,223,635,635,635
0.5,true,10,0.0,UnsynchMono,0.7,1.0,1,224,635,635,635
0.5,true,10,0.0,UnsynchMono,0.7,1.0,1,225,635,635,635
0.5,true,10,0.0,UnsynchMono,0.7,1.0,1,226,635,635,635
0.5,true,10,0.0,UnsynchMono,0.7,1.0,1,227,635,635,635
0.5,true,10,0.0,UnsynchMono,0.7,1.0,1,228,635,635,635
0.5,true,10,0.0,UnsynchMono,0.7,1.0,1,229,635,635,635
0.5,true,10,0.0,UnsynchMono,0.7,1.0,1,230,635,635,635
0.5,true,10,0.0,UnsynchMono,0.7,1.0,1,231,635,635,635
0.5,true,10,0.0,UnsynchMono,0.7,1.0,1,232,635,635,635
0.5,true,10,0.0,UnsynchMono,0.7,1.0,1,233,635,635,635
0.5,true,10,0.0,UnsynchMono,0.7,1.0,1,234,635,635,635
0.5,true,10,0.0,UnsynchMono,0.7,1.0,1,235,635,635,635
0.5,true,10,0.0,UnsynchMono,0.7,1.0,1,236,635,635,635
0.5,true,10,0.0,UnsynchMono,0.7,1.0,1,237,635,635,635
0.5,true,10,0.0,UnsynchMono,0.7,1.0,1,238,635,635,635
0.5,true,10,0.0,UnsynchMono,0.7,1.0,1,239,635,635,635
0.5,true,10,0.0,UnsynchMono,0.7,1.0,1,240,635,635,635
0.5,true,10,0.0,UnsynchMono,0.7,1.0,1,241,635,635,635
0.5,true,10,0.0,UnsynchMono,0.7,1.0,1,242,635,635,635
0.5,true,10,0.0,UnsynchMono,0.7,1.0,1,243,635,635,635
0.5,true,10,0.0,UnsynchMono,0.7,1.0,1,244,635,635,635
0.5,true,10,0.0,UnsynchMono,0.7,1.0,1,245,635,635,635
0.5,true,10,0.0,UnsynchMono,0.7,1.0,1,246,635,635,635
0.5,true,10,0.0,UnsynchMono,0.7,1.0,1,247,635,635,635
0.5,true,10,0.0,UnsynchMono,0.7,1.0,1,248,635,635,635
0.5,true,10,0.0,UnsynchMono,0.7,1.0,1,249,635,635,635
0.5,true,10,0.0,UnsynchMono,0.7,1.0,1,250,635,635,635
0.5,true,10,0.0,UnsynchMono,0.7,1.0,1,251,635,635,635
0.5,true,10,0.0,UnsynchMono,0.7,1.0,1,252,635,635,635
0.5,true,10,0.0,UnsynchMono,0.7,1.0,1,253,635,635,635
0.5,true,10,0.0,UnsynchMono,0.7,1.0,1,254,635,635,635
0.5,true,10,0.0,UnsynchMono,0.7,1.0,1,255,635,635,635
0.5,true,10,0.0,UnsynchMono,0.7,1.0,1,256,635,635,635
0.5,true,10,0.0,UnsynchMono,0.7,1.0,1,257,635,635,635
0.5,true,10,0.0,UnsynchMono,0.7,1.0,1,258,635,635,635
0.5,true,10,0.0,UnsynchMono,0.7,1.0,1,259,635,635,635
0.5,true,10,0.0,UnsynchMono,0.7,1.0,1,260,635,635,635
0.5,true,10,0.0,UnsynchMono,0.7,1.0,1,261,635,635,635
0.5,true,10,0.0,UnsynchMono,0.7,1.0,1,262,635,635,635
0.5,true,10,0.0,UnsynchMono,0.7,1.0,1,263,635,635,635
0.5,true,10,0.0,UnsynchMono,0.7,1.0,1,264,635,635,635
0.5,true,10,0.0,UnsynchMono,0.7,1.0,1,265,635,635,635
0.5,true,10,0.0,UnsynchMono,0.7,1.0,1,266,635,635,635
0.5,true,10,0.0,UnsynchMono,0.7,1.0,1,267,635,635,635
0.5,true,10,0.0,UnsynchMono,0.7,1.0,1,268,635,635,635
0.5,true,10,0.0,UnsynchMono,0.7,1.0,1,269,635,635,635
0.5,true,10,0.0,UnsynchMono,0.7,1.0,1,270,635,635,635
0.5,true,10,0.0,UnsynchMono,0.7,1.0,1,271,635,635,635
0.5,true,10,0.0,UnsynchMono,0.7,1.0,1,272,635,635,635
0.5,true,10,0.0,UnsynchMono,0.7,1.0,1,273,635,635,635
0.5,true,10,0.0,UnsynchMono,0.7,1.0,1,274,635,635,635
0.5,true,10,0.0,UnsynchMono,0.7,1.0,1,275,635,635,635
0.5,true,10,0.0,UnsynchMono,0.7,1.0,1,276,635,635,635
0.5,true,10,0.0,UnsynchMono,0.7,1.0,1,277,635,635,635
0.5,true,10,0.0,UnsynchMono,0.7,1.0,1,278,635,635,635
0.5,true,10,0.0,UnsynchMono,0.7,1.0,1,279,635,635,635
0.5,true,10,0.0,UnsynchMono,0.7,1.0,1,280,635,635,635
0.5,true,10,0.0,UnsynchMono,0.7,1.0,1,281,635,635,635
0.5,true,10,0.0,UnsynchMono,0.7,1.0,1,282,635,635,635
0.5,true,10,0.0,UnsynchMono,0.7,1.0,1,283,635,635,635
0.5,true,10,0.0,UnsynchMono,0.7,1.0,1,284,635,635,635
0.5,true,10,0.0,UnsynchMono,0.7,1.0,1,285,635,635,635
0.5,true,10,0.0,UnsynchMono,0.7,1.0,1,286,635,635,635
0.5,true,10,0.0,UnsynchMono,0.7,1.0,1,287,635,635,635
0.5,true,10,0.0,UnsynchMono,0.7,1.0,1,288,635,635,635
0.5,true,10,0.0,UnsynchMono,0.7,1.0,1,289,635,635,635
0.5,true,10,0.0,UnsynchMono,0.7,1.0,1,290,635,635,635
0.5,true,10,0.0,UnsynchMono,0.7,1.0,1,291,635,635,635
0.5,true,10,0.0,UnsynchMono,0.7,1.0,1,292,635,635,635
0.5,true,10,0.0,UnsynchMono,0.7,1.0,1,293,635,635,635
0.5,true,10,0.0,UnsynchMono,0.7,1.0,1,294,635,635,635
0.5,true,10,0.0,UnsynchMono,0.7,1.0,1,295,635,635,635
0.5,true,10,0.0,UnsynchMono,0.7,1.0,1,296,635,635,635
0.5,true,10,0.0,UnsynchMono,0.7,1.0,1,297,635,635,635
0.5,true,10,0.0,UnsynchMono,0.7,1.0,1,298,635,635,635
0.5,true,10,0.0,UnsynchMono,0.7,1.0,1,299,635,635,635
0.5,true,10,0.0,UnsynchMono,0.7,1.0,1,300,635,635,635
0.5,true,10,0.0,UnsynchMono,0.7,1.0,1,301,635,635,635
0.5,true,10,0.0,UnsynchMono,0.7,1.0,1,302,635,635,635
0.5,true,10,0.0,UnsynchMono,0.7,1.0,1,303,635,635,635
0.5,true,10,0.0,UnsynchMono,0.7,1.0,1,304,635,635,635
0.5,true,10,0.0,UnsynchMono,0.7,1.0,1,305,635,635,635
0.5,true,10,0.0,UnsynchMono,0.7,1.0,1,306,635,635,635
0.5,true,10,0.0,UnsynchMono,0.7,1.0,1,307,635,635,635
0.5,true,10,0.0,UnsynchMono,0.7,1.0,1,308,635,635,635
0.5,true,10,0.0,UnsynchMono,0.7,1.0,1,309,635,635,635
0.5,true,10,0.0,UnsynchMono,0.7,1.0,1,310,635,635,635
0.5,true,10,0.0,UnsynchMono,0.7,1.0,1,311,635,635,635
0.5,true,10,0.0,UnsynchMono,0.7,1.0,1,312,635,635,635
0.5,true,10,0.0,UnsynchMono,0.7,1.0,1,313,635,635,635
0.5,true,10,0.0,UnsynchMono,0.7,1.0,1,314,635,635,635
0.5,true,10,0.0,UnsynchMono,0.7,1.0,1,315,635,635,635
0.5,true,10,0.0,UnsynchMono,0.7,1.0,1,316,635,635,635
0.5,true,10,0.0,UnsynchMono,0.7,1.0,1,317,635,635,635
0.5,true,10,0.0,UnsynchMono,0.7,1.0,1,318,635,635,635
0.5,true,10,0.0,UnsynchMono,0.7,1.0,1,319,635,635,635
0.5,true,10,0.0,UnsynchMono,0.7,1.0,1,320,635,635,635
0.5,true,10,0.0,UnsynchMono,0.7,1.0,1,321,635,635,635
0.5,true,10,0.0,UnsynchMono,0.7,1.0,1,322,635,635,635
0.5,true,10,0.0,UnsynchMono,0.7,1.0,1,323,635,635,635
0.5,true,10,0.0,UnsynchMono,0.7,1.0,1,324,635,635,635
0.5,true,10,0.0,UnsynchMono,0.7,1.0,1,325,635,635,635
0.5,true,10,0.0,UnsynchMono,0.7,1.0,1,326,635,635,635
0.5,true,10,0.0,UnsynchMono,0.7,1.0,1,327,635,635,635
0.5,true,10,0.0,UnsynchMono,0.7,1.0,1,328,635,635,635
0.5,true,10,0.0,UnsynchMono,0.7,1.0,1,329,635,635,635
0.5,true,10,0.0,UnsynchMono,0.7,1.0,1,330,635,635,635
0.5,true,10,0.0,UnsynchMono,0.7,1.0,1,331,635,635,635
0.5,true,10,0.0,UnsynchMono,0.7,1.0,1,332,635,635,635
0.5,true,10,0.0,UnsynchMono,0.7,1.0,1,333,635,635,635
0.5,true,10,0.0,UnsynchMono,0.7,1.0,1,334,635,635,635
0.5,true,10,0.0,UnsynchMono,0.7,1.0,1,335,635,635,635
0.5,true,10,0.0,UnsynchMono,0.7,1.0,1,336,635,635,635
0.5,true,10,0.0,UnsynchMono,0.7,1.0,1,337,635,635,635
0.5,true,10,0.0,UnsynchMono,0.7,1.0,1,338,635,635,635
0.5,true,10,0.0,UnsynchMono,0.7,1.0,1,339,635,635,635
0.5,true,10,0.0,UnsynchMono,0.7,1.0,1,340,635,635,635
0.5,true,10,0.0,UnsynchMono,0.7,1.0,1,341,635,635,635
0.5,true,10,0.0,UnsynchMono,0.7,1.0,1,342,635,635,635
0.5,true,10,0.0,UnsynchMono,0.7,1.0,1,343,635,635,635
0.5,true,10,0.0,UnsynchMono,0.7,1.0,1,344,635,635,635
0.5,true,10,0.0,UnsynchMono,0.7,1.0,1,345,635,635,635
0.5,true,10,0.0,UnsynchMono,0.7,1.0,1,346,635,635,635
0.5,true,10,0.0,UnsynchMono,0.7,1.0,1,347,635,635,635
0.5,true,10,0.0,UnsynchMono,0.7,1.0,1,348,635,635,635
0.5,true,10,0.0,UnsynchMono,0.7,1.0,1,349,635,635,635
0.5,true,10,0.0,UnsynchMono,0.7,1.0,1,350,635,635,635
0.5,true,10,0.0,UnsynchMono,0.7,1.0,1,351,635,635,635
0.5,true,10,0.0,UnsynchMono,0.7,1.0,1,352,635,635,635
0.5,true,10,0.0,UnsynchMono,0.7,1.0,1,353,635,635,635
0.5,true,10,0.0,UnsynchMono,0.7,1.0,1,354,635,635,635
0.5,true,10,0.0,UnsynchMono,0.7,1.0,1,355,635,635,635
0.5,true,10,0.0,UnsynchMono,0.7,1.0,1,356,635,635,635
0.5,true,10,0.0,UnsynchMono,0.7,1.0,1,357,635,635,635
0.5,true,10,0.0,UnsynchMono,0.7,1.0,1,358,635,635,635
0.5,true,10,0.0,UnsynchMono,0.7,1.0,1,359,635,635,635
0.5,true,10,0.0,UnsynchMono,0.7,1.0,1,360,635,635,635
0.5,true,10,0.0,UnsynchMono,0.7,1.0,1,361,635,635,635
0.5,true,10,0.0,UnsynchMono,0.7,1.0,1,362,635,635,635
0.5,true,10,0.0,UnsynchMono,0.7,1.0,1,363,635,635,635
0.5,true,10,0.0,UnsynchMono,0.7,1.0,1,364,635,635,635
0.5,true,10,0.0,UnsynchMono,0.7,1.0,1,365,635,635,635
0.5,true,10,0.0,UnsynchMono,0.7,1.0,1,366,635,635,635
0.5,true,10,0.0,UnsynchMono,0.7,1.0,1,367,635,635,635
0.5,true,10,0.0,UnsynchMono,0.7,1.0,1,368,635,635,635
0.5,true,10,0.0,UnsynchMono,0.7,1.0,1,369,635,635,635
0.5,true,10,0.0,UnsynchMono,0.7,1.0,1,370,635,635,635
0.5,true,10,0.0,UnsynchMono,0.7,1.0,1,371,635,635,635
0.5,true,10,0.0,UnsynchMono,0.7,1.0,1,372,635,635,635
0.5,true,10,0.0,UnsynchMono,0.7,1.0,1,373,635,635,635
0.5,true,10,0.0,UnsynchMono,0.7,1.0,1,374,635,635,635
0.5,true,10,0.0,UnsynchMono,0.7,1.0,1,375,635,635,635
0.5,true,10,0.0,UnsynchMono,0.7,1.0,1,376,635,635,635
0.5,true,10,0.0,UnsynchMono,0.7,1.0,1,377,635,635,635
0.5,true,10,0.0,UnsynchMono,0.7,1.0,1,378,635,635,635
0.5,true,10,0.0,UnsynchMono,0.7,1.0,1,379,635,635,635
0.5,true,10,0.0,UnsynchMono,0.7,1.0,1,380,635,635,635
0.5,true,10,0.0,UnsynchMono,0.7,1.0,1,381,635,635,635
0.5,true,10,0.0,UnsynchMono,0.7,1.0,1,382,635,635,635
0.5,true,10,0.0,UnsynchMono,0.7,1.0,1,383,635,635,635
0.5,true,10,0.0,UnsynchMono,0.7,1.0,1,384,635,635,635
0.5,true,10,0.0,UnsynchMono,0.7,1.0,1,385,635,635,635
0.5,true,10,0.0,UnsynchMono,0.7,1.0,1,386,635,635,635
0.5,true,10,0.0,UnsynchMono,0.7,1.0,1,387,635,635,635
0.5,true,10,0.0,UnsynchMono,0.7,1.0,1,388,635,635,635
0.5,true,10,0.0,UnsynchMono,0.7,1.0,1,389,635,635,635
0.5,true,10,0.0,UnsynchMono,0.7,1.0,1,390,635,635,635
0.5,true,10,0.0,UnsynchMono,0.7,1.0,1,391,635,635,635
0.5,true,10,0.0,UnsynchMono,0.7,1.0,1,392,635,635,635
0.5,true,10,0.0,UnsynchMono,0.7,1.0,1,393,635,635,635
0.5,true,10,0.0,UnsynchMono,0.7,1.0,1,394,635,635,635
0.5,true,10,0.0,UnsynchMono,0.7,1.0,1,395,635,635,635
0.5,true,10,0.0,UnsynchMono,0.7,1.0,1,396,635,635,635
0.5,true,10,0.0,UnsynchMono,0.7,1.0,1,397,635,635,635
0.5,true,10,0.0,UnsynchMono,0.7,1.0,1,398,635,635,635
0.5,true,10,0.0,UnsynchMono,0.7,1.0,1,399,635,635,635
0.5,true,10,0.0,UnsynchMono,0.7,1.0,1,400,635,635,635
0.5,true,10,0.0,UnsynchMono,0.7,1.0,1,401,635,635,635
0.5,true,10,0.0,UnsynchMono,0.7,1.0,1,402,635,635,635
0.5,true,10,0.0,UnsynchMono,0.7,1.0,1,403,635,635,635
0.5,true,10,0.0,UnsynchMono,0.7,1.0,1,404,635,635,635
0.5,true,10,0.0,UnsynchMono,0.7,1.0,1,405,635,635,635
0.5,true,10,0.0,UnsynchMono,0.7,1.0,1,406,635,635,635
0.5,true,10,0.0,UnsynchMono,0.7,1.0,1,407,635,635,635
0.5,true,10,0.0,UnsynchMono,0.7,1.0,1,408,635,635,635
0.5,true,10,0.0,UnsynchMono,0.7,1.0,1,409,635,635,635
0.5,true,10,0.0,UnsynchMono,0.7,1.0,1,410,635,635,635
0.5,true,10,0.0,UnsynchMono,0.7,1.0,1,411,635,635,635
0.5,true,10,0.0,UnsynchMono,0.7,1.0,1,412,635,635,635
0.5,true,10,0.0,UnsynchMono,0.7,1.0,1,413,635,635,635
0.5,true,10,0.0,UnsynchMono,0.7,1.0,1,414,635,635,635
0.5,true,10,0.0,UnsynchMono,0.7,1.0,1,415,635,635,635
0.5,true,10,0.0,UnsynchMono,0.7,1.0,1,416,635,635,635
0.5,true,10,0.0,UnsynchMono,0.7,1.0,1,417,635,635,635
0.5,true,10,0.0,UnsynchMono,0.7,1.0,1,418,635,635,635
0.5,true,10,0.0,UnsynchMono,0.7,1.0,1,419,635,635,635
0.5,true,10,0.0,UnsynchMono,0.7,1.0,1,420,635,635,635
0.5,true,10,0.0,UnsynchMono,0.7,1.0,1,421,635,635,635
0.5,true,10,0.0,UnsynchMono,0.7,1.0,1,422,635,635,635
0.5,true,10,0.0,UnsynchMono,0.7,1.0,1,423,635,635,635
0.5,true,10,0.0,UnsynchMono,0.7,1.0,1,424,635,635,635
0.5,true,10,0.0,UnsynchMono,0.7,1.0,1,425,635,635,635
0.5,true,10,0.0,UnsynchMono,0.7,1.0,1,426,635,635,635
0.5,true,10,0.0,UnsynchMono,0.7,1.0,1,427,635,635,635
0.5,true,10,0.0,UnsynchMono,0.7,1.0,1,428,635,635,635
0.5,true,10,0.0,UnsynchMono,0.7,1.0,1,429,635,635,635
0.5,true,10,0.0,UnsynchMono,0.7,1.0,1,430,635,635,635
0.5,true,10,0.0,UnsynchMono,0.7,1.0,1,431,635,635,635
0.5,true,10,0.0,UnsynchMono,0.7,1.0,1,432,635,635,635
0.5,true,10,0.0,UnsynchMono,0.7,1.0,1,433,635,635,635
0.5,true,10,0.0,UnsynchMono,0.7,1.0,1,434,635,635,635
0.5,true,10,0.0,UnsynchMono,0.7,1.0,1,435,635,635,635
0.5,true,10,0.0,UnsynchMono,0.7,1.0,1,436,635,635,635
0.5,true,10,0.0,UnsynchMono,0.7,1.0,1,437,635,635,635
0.5,true,10,0.0,UnsynchMono,0.7,1.0,1,438,635,635,635
0.5,true,10,0.0,UnsynchMono,0.7,1.0,1,439,635,635,635
0.5,true,10,0.0,UnsynchMono,0.7,1.0,1,440,635,635,635
0.5,true,10,0.0,UnsynchMono,0.7,1.0,1,441,635,635,635
0.5,true,10,0.0,UnsynchMono,0.7,1.0,1,442,635,635,635
0.5,true,10,0.0,UnsynchMono,0.7,1.0,1,443,635,635,635
0.5,true,10,0.0,UnsynchMono,0.7,1.0,1,444,635,635,635
0.5,true,10,0.0,UnsynchMono,0.7,1.0,1,445,635,635,635
0.5,true,10,0.0,UnsynchMono,0.7,1.0,1,446,635,635,635
0.5,true,10,0.0,UnsynchMono,0.7,1.0,1,447,635,635,635
0.5,true,10,0.0,UnsynchMono,0.7,1.0,1,448,635,635,635
0.5,true,10,0.0,UnsynchMono,0.7,1.0,1,449,635,635,635
0.5,true,10,0.0,UnsynchMono,0.7,1.0,1,450,635,635,635
0.5,true,10,0.0,UnsynchMono,0.7,1.0,1,451,635,635,635
0.5,true,10,0.0,UnsynchMono,0.7,1.0,1,452,635,635,635
0.5,true,10,0.0,UnsynchMono,0.7,1.0,1,453,635,635,635
0.5,true,10,0.0,UnsynchMono,0.7,1.0,1,454,635,635,635
0.5,true,10,0.0,UnsynchMono,0.7,1.0,1,455,635,635,635
0.5,true,10,0.0,UnsynchMono,0.7,1.0,1,456,635,635,635
0.5,true,10,0.0,UnsynchMono,0.7,1.0,1,457,635,635,635
0.5,true,10,0.0,UnsynchMono,0.7,1.0,1,458,635,635,635
0.5,true,10,0.0,UnsynchMono,0.7,1.0,1,459,635,635,635
0.5,true,10,0.0,UnsynchMono,0.7,1.0,1,460,635,635,635
0.5,true,10,0.0,UnsynchMono,0.7,1.0,1,461,635,635,635
0.5,true,10,0.0,UnsynchMono,0.7,1.0,1,462,635,635,635
0.5,true,10,0.0,UnsynchMono,0.7,1.0,1,463,635,635,635
0.5,true,10,0.0,UnsynchMono,0.7,1.0,1,464,635,635,635
0.5,true,10,0.0,UnsynchMono,0.7,1.0,1,465,635,635,635
0.5,true,10,0.0,UnsynchMono,0.7,1.0,1,466,635,635,635
0.5,true,10,0.0,UnsynchMono,0.7,1.0,1,467,635,635,635
0.5,true,10,0.0,UnsynchMono,0.7,1.0,1,468,635,635,635
0.5,true,10,0.0,UnsynchMono,0.7,1.0,1,469,635,635,635
0.5,true,10,0.0,UnsynchMono,0.7,1.0,1,470,635,635,635
0.5,true,10,0.0,UnsynchMono,0.7,1.0,1,471,635,635,635
0.5,true,10,0.0,UnsynchMono,0.7,1.0,1,472,635,635,635
0.5,true,10,0.0,UnsynchMono,0.7,1.0,1,473,635,635,635
0.5,true,10,0.0,UnsynchMono,0.7,1.0,1,474,635,635,635
0.5,true,10,0.0,UnsynchMono,0.7,1.0,1,475,635,635,635
0.5,true,10,0.0,UnsynchMono,0.7,1.0,1,476,635,635,635
0.5,true,10,0.0,UnsynchMono,0.7,1.0,1,477,635,635,635
0.5,true,10,0.0,UnsynchMono,0.7,1.0,1,478,635,635,635
0.5,true,10,0.0,UnsynchMono,0.7,1.0,1,479,635,635,635
0.5,true,10,0.0,UnsynchMono,0.7,1.0,1,480,635,635,635
0.5,true,10,0.0,UnsynchMono,0.7,1.0,1,481,635,635,635
0.5,true,10,0.0,UnsynchMono,0.7,1.0,1,482,635,635,635
0.5,true,10,0.0,UnsynchMono,0.7,1.0,1,483,635,635,635
0.5,true,10,0.0,UnsynchMono,0.7,1.0,1,484,635,635,635
0.5,true,10,0.0,UnsynchMono,0.7,1.0,1,485,635,635,635
0.5,true,10,0.0,UnsynchMono,0.7,1.0,1,486,635,635,635
0.5,true,10,0.0,UnsynchMono,0.7,1.0,1,487,635,635,635
0.5,true,10,0.0,UnsynchMono,0.7,1.0,1,488,635,635,635
0.5,true,10,0.0,UnsynchMono,0.7,1.0,1,489,635,635,635
0.5,true,10,0.0,UnsynchMono,0.7,1.0,1,490,635,635,635
0.5,true,10,0.0,UnsynchMono,0.7,1.0,1,491,635,635,635
0.5,true,10,0.0,UnsynchMono,0.7,1.0,1,492,635,635,635
0.5,true,10,0.0,UnsynchMono,0.7,1.0,1,493,635,635,635
0.5,true,10,0.0,UnsynchMono,0.7,1.0,1,494,635,635,635
0.5,true,10,0.0,UnsynchMono,0.7,1.0,1,495,635,635,635
0.5,true,10,0.0,UnsynchMono,0.7,1.0,1,496,635,635,635
0.5,true,10,0.0,UnsynchMono,0.7,1.0,1,497,635,635,635
0.5,true,10,0.0,UnsynchMono,0.7,1.0,1,498,635,635,635
0.5,true,10,0.0,UnsynchMono,0.7,1.0,1,499,635,635,635
0.5,true,10,0.0,UnsynchMono,0.7,1.0,1,500,635,635,635
0.5,true,10,0.0,UnsynchMono,0.7,1.0,1,501,635,635,635
0.5,true,10,0.0,UnsynchMono,0.7,1.0,1,502,635,635,635
0.5,true,10,0.0,UnsynchMono,0.7,1.0,1,503,635,635,635
0.5,true,10,0.0,UnsynchMono,0.7,1.0,1,504,635,635,635
0.5,true,10,0.0,UnsynchMono,0.7,1.0,1,505,635,635,635
0.5,true,10,0.0,UnsynchMono,0.7,1.0,1,506,635,635,635
0.5,true,10,0.0,UnsynchMono,0.7,1.0,1,507,635,635,635
0.5,true,10,0.0,UnsynchMono,0.7,1.0,1,508,635,635,635
0.5,true,10,0.0,UnsynchMono,0.7,1.0,1,509,635,635,635
0.5,true,10,0.0,UnsynchMono,0.7,1.0,1,510,635,635,635
0.5,true,10,0.0,UnsynchMono,0.7,1.0,1,511,635,635,635
0.5,true,10,0.0,UnsynchMono,0.7,1.0,1,512,635,635,635
0.5,true,10,0.0,UnsynchMono,0.7,1.0,1,513,635,635,635
0.5,true,10,0.0,UnsynchMono,0.7,1.0,1,514,635,635,635
0.5,true,10,0.0,UnsynchMono,0.7,1.0,1,515,635,635,635
0.5,true,10,0.0,UnsynchMono,0.7,1.0,1,516,635,635,635
0.5,true,10,0.0,UnsynchMono,0.7,1.0,1,517,635,635,635
0.5,true,10,0.0,UnsynchMono,0.7,1.0,1,518,635,635,635
0.5,true,10,0.0,UnsynchMono,0.7,1.0,1,519,635,635,635
0.5,true,10,0.0,UnsynchMono,0.7,1.0,1,520,635,635,635
0.5,true,10,0.0,UnsynchMono,0.7,1.0,1,521,635,635,635
0.5,true,10,0.0,UnsynchMono,0.7,1.0,1,522,635,635,635
0.5,true,10,0.0,UnsynchMono,0.7,1.0,1,523,635,635,635
0.5,true,10,0.0,UnsynchMono,0.7,1.0,1,524,635,635,635
0.5,true,10,0.0,UnsynchMono,0.7,1.0,1,525,635,635,635
0.5,true,10,0.0,UnsynchMono,0.7,1.0,1,526,635,635,635
0.5,true,10,0.0,UnsynchMono,0.7,1.0,1,527,635,635,635
0.5,true,10,0.0,UnsynchMono,0.7,1.0,1,528,635,635,635
0.5,true,10,0.0,UnsynchMono,0.7,1.0,1,529,635,635,635
0.5,true,10,0.0,UnsynchMono,0.7,1.0,1,530,635,635,635
0.5,true,10,0.0,UnsynchMono,0.7,1.0,1,531,635,635,635
0.5,true,10,0.0,UnsynchMono,0.7,1.0,1,532,635,635,635
0.5,true,10,0.0,UnsynchMono,0.7,1.0,1,533,635,635,635
0.5,true,10,0.0,UnsynchMono,0.7,1.0,1,534,635,635,635
0.5,true,10,0.0,UnsynchMono,0.7,1.0,1,535,635,635,635
0.5,true,10,0.0,UnsynchMono,0.7,1.0,1,536,635,635,635
0.5,true,10,0.0,UnsynchMono,0.7,1.0,1,537,635,635,635
0.5,true,10,0.0,UnsynchMono,0.7,1.0,1,538,635,635,635
0.5,true,10,0.0,UnsynchMono,0.7,1.0,1,539,635,635,635
0.5,true,10,0.0,UnsynchMono,0.7,1.0,1,540,635,635,635
0.5,true,10,0.0,UnsynchMono,0.7,1.0,1,541,635,635,635
0.5,true,10,0.0,UnsynchMono,0.7,1.0,1,542,635,635,635
0.5,true,10,0.0,UnsynchMono,0.7,1.0,1,543,635,635,635
0.5,true,10,0.0,UnsynchMono,0.7,1.0,1,544,635,635,635
0.5,true,10,0.0,UnsynchMono,0.7,1.0,1,545,635,635,635
0.5,true,10,0.0,UnsynchMono,0.7,1.0,1,546,635,635,635
0.5,true,10,0.0,UnsynchMono,0.7,1.0,1,547,635,635,635
0.5,true,10,0.0,UnsynchMono,0.7,1.0,1,548,635,635,635
0.5,true,10,0.0,UnsynchMono,0.7,1.0,1,549,635,635,635
0.5,true,10,0.0,UnsynchMono,0.7,1.0,1,550,635,635,635
0.5,true,10,0.0,UnsynchMono,0.7,1.0,1,551,635,635,635
0.5,true,10,0.0,UnsynchMono,0.7,1.0,1,552,635,635,635
0.5,true,10,0.0,UnsynchMono,0.7,1.0,1,553,635,635,635
0.5,true,10,0.0,UnsynchMono,0.7,1.0,1,554,635,635,635
0.5,true,10,0.0,UnsynchMono,0.7,1.0,1,555,635,635,635
0.5,true,10,0.0,UnsynchMono,0.7,1.0,1,556,635,635,635
0.5,true,10,0.0,UnsynchMono,0.7,1.0,1,557,635,635,635
0.5,true,10,0.0,UnsynchMono,0.7,1.0,1,558,635,635,635
0.5,true,10,0.0,UnsynchMono,0.7,1.0,1,559,635,635,635
0.5,true,10,0.0,UnsynchMono,0.7,1.0,1,560,635,635,635
0.5,true,10,0.0,UnsynchMono,0.7,1.0,1,561,635,635,635
0.5,true,10,0.0,UnsynchMono,0.7,1.0,1,562,635,635,635
0.5,true,10,0.0,UnsynchMono,0.7,1.0,1,563,635,635,635
0.5,true,10,0.0,UnsynchMono,0.7,1.0,1,564,635,635,635
0.5,true,10,0.0,UnsynchMono,0.7,1.0,1,565,635,635,635
0.5,true,10,0.0,UnsynchMono,0.7,1.0,1,566,635,635,635
0.5,true,10,0.0,UnsynchMono,0.7,1.0,1,567,635,635,635
0.5,true,10,0.0,UnsynchMono,0.7,1.0,1,568,635,635,635
0.5,true,10,0.0,UnsynchMono,0.7,1.0,1,569,635,635,635
0.5,true,10,0.0,UnsynchMono,0.7,1.0,1,570,635,635,635
0.5,true,10,0.0,UnsynchMono,0.7,1.0,1,571,635,635,635
0.5,true,10,0.0,UnsynchMono,0.7,1.0,1,572,635,635,635
0.5,true,10,0.0,UnsynchMono,0.7,1.0,1,573,635,635,635
0.5,true,10,0.0,UnsynchMono,0.7,1.0,1,574,635,635,635
0.5,true,10,0.0,UnsynchMono,0.7,1.0,1,575,635,635,635
0.5,true,10,0.0,UnsynchMono,0.7,1.0,1,576,635,635,635
0.5,true,10,0.0,UnsynchMono,0.7,1.0,1,577,635,635,635
0.5,true,10,0.0,UnsynchMono,0.7,1.0,1,578,635,635,635
0.5,true,10,0.0,UnsynchMono,0.7,1.0,1,579,635,635,635
0.5,true,10,0.0,UnsynchMono,0.7,1.0,1,580,635,635,635
0.5,true,10,0.0,UnsynchMono,0.7,1.0,1,581,635,635,635
0.5,true,10,0.0,UnsynchMono,0.7,1.0,1,582,635,635,635
0.5,true,10,0.0,UnsynchMono,0.7,1.0,1,583,635,635,635
0.5,true,10,0.0,UnsynchMono,0.7,1.0,1,584,635,635,635
0.5,true,10,0.0,UnsynchMono,0.7,1.0,1,585,635,635,635
0.5,true,10,0.0,UnsynchMono,0.7,1.0,1,586,635,635,635
0.5,true,10,0.0,UnsynchMono,0.7,1.0,1,587,635,635,635
0.5,true,10,0.0,UnsynchMono,0.7,1.0,1,588,635,635,635
0.5,true,10,0.0,UnsynchMono,0.7,1.0,1,589,635,635,635
0.5,true,10,0.0,UnsynchMono,0.7,1.0,1,590,635,635,635
0.5,true,10,0.0,UnsynchMono,0.7,1.0,1,591,635,635,635
0.5,true,10,0.0,UnsynchMono,0.7,1.0,1,592,635,635,635
0.5,true,10,0.0,UnsynchMono,0.7,1.0,1,593,635,635,635
0.5,true,10,0.0,UnsynchMono,0.7,1.0,1,594,635,635,635
0.5,true,10,0.0,UnsynchMono,0.7,1.0,1,595,635,635,635
0.5,true,10,0.0,UnsynchMono,0.7,1.0,1,596,635,635,635
0.5,true,10,0.0,UnsynchMono,0.7,1.0,1,597,635,635,635
0.5,true,10,0.0,UnsynchMono,0.7,1.0,1,598,635,635,635
0.5,true,10,0.0,UnsynchMono,0.7,1.0,1,599,635,635,635
0.5,true,10,0.0,UnsynchMono,0.7,1.0,1,600,635,635,635
0.5,true,10,0.0,UnsynchMono,0.7,1.0,1,601,635,635,635
0.5,true,10,0.0,UnsynchMono,0.7,1.0,1,602,635,635,635
0.5,true,10,0.0,UnsynchMono,0.7,1.0,1,603,635,635,635
0.5,true,10,0.0,UnsynchMono,0.7,1.0,1,604,635,635,635
0.5,true,10,0.0,UnsynchMono,0.7,1.0,1,605,635,635,635
0.5,true,10,0.0,UnsynchMono,0.7,1.0,1,606,635,635,635
0.5,true,10,0.0,UnsynchMono,0.7,1.0,1,607,635,635,635
0.5,true,10,0.0,UnsynchMono,0.7,1.0,1,608,635,635,635
0.5,true,10,0.0,UnsynchMono,0.7,1.0,1,609,635,635,635
0.5,true,10,0.0,UnsynchMono,0.7,1.0,1,610,635,635,635
0.5,true,10,0.0,UnsynchMono,0.7,1.0,1,611,635,635,635
0.5,true,10,0.0,UnsynchMono,0.7,1.0,1,612,635,635,635
0.5,true,10,0.0,UnsynchMono,0.7,1.0,1,613,635,635,635
0.5,true,10,0.0,UnsynchMono,0.7,1.0,1,614,635,635,635
0.5,true,10,0.0,UnsynchMono,0.7,1.0,1,615,635,635,635
0.5,true,10,0.0,UnsynchMono,0.7,1.0,1,616,635,635,635
0.5,true,10,0.0,UnsynchMono,0.7,1.0,1,617,635,635,635
0.5,true,10,0.0,UnsynchMono,0.7,1.0,1,618,635,635,635
0.5,true,10,0.0,UnsynchMono,0.7,1.0,1,619,635,635,635
0.5,true,10,0.0,UnsynchMono,0.7,1.0,1,620,635,635,635
0.5,true,10,0.0,UnsynchMono,0.7,1.0,1,621,635,635,635
0.5,true,10,0.0,UnsynchMono,0.7,1.0,1,622,635,635,635
0.5,true,10,0.0,UnsynchMono,0.7,1.0,1,623,635,635,635
0.5,true,10,0.0,UnsynchMono,0.7,1.0,1,624,635,635,635
0.5,true,10,0.0,UnsynchMono,0.7,1.0,1,625,635,635,635
0.5,true,10,0.0,UnsynchMono,0.7,1.0,1,626,635,635,635
0.5,true,10,0.0,UnsynchMono,0.7,1.0,1,627,635,635,635
0.5,true,10,0.0,UnsynchMono,0.7,1.0,1,628,635,635,635
0.5,true,10,0.0,UnsynchMono,0.7,1.0,1,629,635,635,635
0.5,true,10,0.0,UnsynchMono,0.7,1.0,1,630,635,635,635
0.5,true,10,0.0,UnsynchMono,0.7,1.0,1,631,635,635,635
0.5,true,10,0.0,UnsynchMono,0.7,1.0,1,632,635,635,635
0.5,true,10,0.0,UnsynchMono,0.7,1.0,1,633,635,635,635
0.5,true,10,0.0,UnsynchMono,0.7,1.0,1,634,635,635,635
0.5,true,10,0.0,UnsynchMono,0.7,1.0,1,635,635,635,635
0.5,true,10,0.0,UnsynchMono,0.7,1.0,1,636,635,635,635
0.5,true,10,0.0,UnsynchMono,0.7,1.0,1,637,635,635,635
0.5,true,10,0.0,UnsynchMono,0.7,1.0,1,638,635,635,635
0.5,true,10,0.0,UnsynchMono,0.7,1.0,1,639,635,635,635
0.5,true,10,0.0,UnsynchMono,0.7,1.0,1,640,635,635,635
0.5,true,10,0.0,UnsynchMono,0.7,1.0,1,641,635,635,635
0.5,true,10,0.0,UnsynchMono,0.7,1.0,1,642,635,635,635
0.5,true,10,0.0,UnsynchMono,0.7,1.0,1,643,635,635,635
0.5,true,10,0.0,UnsynchMono,0.7,1.0,1,644,635,635,635
0.5,true,10,0.0,UnsynchMono,0.7,1.0,1,645,635,635,635
0.5,true,10,0.0,UnsynchMono,0.7,1.0,1,646,635,635,635
0.5,true,10,0.0,UnsynchMono,0.7,1.0,1,647,635,635,635
0.5,true,10,0.0,UnsynchMono,0.7,1.0,1,648,635,635,635
0.5,true,10,0.0,UnsynchMono,0.7,1.0,1,649,635,635,635
0.5,true,10,0.0,UnsynchMono,0.7,1.0,1,650,635,635,635
0.5,true,10,0.0,UnsynchMono,0.7,1.0,1,651,635,635,635
0.5,true,10,0.0,UnsynchMono,0.7,1.0,1,652,635,635,635
0.5,true,10,0.0,UnsynchMono,0.7,1.0,1,653,635,635,635
0.5,true,10,0.0,UnsynchMono,0.7,1.0,1,654,635,635,635
0.5,true,10,0.0,UnsynchMono,0.7,1.0,1,655,635,635,635
0.5,true,10,0.0,UnsynchMono,0.7,1.0,1,656,635,635,635
0.5,true,10,0.0,UnsynchMono,0.7,1.0,1,657,635,635,635
0.5,true,10,0.0,UnsynchMono,0.7,1.0,1,658,635,635,635
0.5,true,10,0.0,UnsynchMono,0.7,1.0,1,659,635,635,635
0.5,true,10,0.0,UnsynchMono,0.7,1.0,1,660,635,635,635
0.5,true,10,0.0,UnsynchMono,0.7,1.0,1,661,635,635,635
0.5,true,10,0.0,UnsynchMono,0.7,1.0,1,662,635,635,635
0.5,true,10,0.0,UnsynchMono,0.7,1.0,1,663,635,635,635
0.5,true,10,0.0,UnsynchMono,0.7,1.0,1,664,635,635,635
0.5,true,10,0.0,UnsynchMono,0.7,1.0,1,665,635,635,635
0.5,true,10,0.0,UnsynchMono,0.7,1.0,1,666,635,635,635
0.5,true,10,0.0,UnsynchMono,0.7,1.0,1,667,635,635,635
0.5,true,10,0.0,UnsynchMono,0.7,1.0,1,668,635,635,635
0.5,true,10,0.0,UnsynchMono,0.7,1.0,1,669,635,635,635
0.5,true,10,0.0,UnsynchMono,0.7,1.0,1,670,635,635,635
0.5,true,10,0.0,UnsynchMono,0.7,1.0,1,671,635,635,635
0.5,true,10,0.0,UnsynchMono,0.7,1.0,1,672,635,635,635
0.5,true,10,0.0,UnsynchMono,0.7,1.0,1,673,635,635,635
0.5,true,10,0.0,UnsynchMono,0.7,1.0,1,674,635,635,635
0.5,true,10,0.0,UnsynchMono,0.7,1.0,1,675,635,635,635
0.5,true,10,0.0,UnsynchMono,0.7,1.0,1,676,635,635,635
0.5,true,10,0.0,UnsynchMono,0.7,1.0,1,677,635,635,635
0.5,true,10,0.0,UnsynchMono,0.7,1.0,1,678,635,635,635
0.5,true,10,0.0,UnsynchMono,0.7,1.0,1,679,635,635,635
0.5,true,10,0.0,UnsynchMono,0.7,1.0,1,680,635,635,635
0.5,true,10,0.0,UnsynchMono,0.7,1.0,1,681,635,635,635
0.5,true,10,0.0,UnsynchMono,0.7,1.0,1,682,635,635,635
0.5,true,10,0.0,UnsynchMono,0.7,1.0,1,683,635,635,635
0.5,true,10,0.0,UnsynchMono,0.7,1.0,1,684,635,635,635
0.5,true,10,0.0,UnsynchMono,0.7,1.0,1,685,635,635,635
0.5,true,10,0.0,UnsynchMono,0.7,1.0,1,686,635,635,635
0.5,true,10,0.0,UnsynchMono,0.7,1.0,1,687,635,635,635
0.5,true,10,0.0,UnsynchMono,0.7,1.0,1,688,635,635,635
0.5,true,10,0.0,UnsynchMono,0.7,1.0,1,689,635,635,635
0.5,true,10,0.0,UnsynchMono,0.7,1.0,1,690,635,635,635
0.5,true,10,0.0,UnsynchMono,0.7,1.0,1,691,635,635,635
0.5,true,10,0.0,UnsynchMono,0.7,1.0,1,692,635,635,635
0.5,true,10,0.0,UnsynchMono,0.7,1.0,1,693,635,635,635
0.5,true,10,0.0,UnsynchMono,0.7,1.0,1,694,635,635,635
0.5,true,10,0.0,UnsynchMono,0.7,1.0,1,695,635,635,635
0.5,true,10,0.0,UnsynchMono,0.7,1.0,1,696,635,635,635
0.5,true,10,0.0,UnsynchMono,0.7,1.0,1,697,635,635,635
0.5,true,10,0.0,UnsynchMono,0.7,1.0,1,698,635,635,635
0.5,true,10,0.0,UnsynchMono,0.7,1.0,1,699,635,635,635
0.5,true,10,0.0,UnsynchMono,0.7,1.0,1,700,635,635,635
0.5,true,10,0.0,UnsynchMono,0.7,1.0,1,701,635,635,635
0.5,true,10,0.0,UnsynchMono,0.7,1.0,1,702,635,635,635
0.5,true,10,0.0,UnsynchMono,0.7,1.0,1,703,635,635,635
0.5,true,10,0.0,UnsynchMono,0.7,1.0,1,704,635,635,635
0.5,true,10,0.0,UnsynchMono,0.7,1.0,1,705,635,635,635
0.5,true,10,0.0,UnsynchMono,0.7,1.0,1,706,635,635,635
0.5,true,10,0.0,UnsynchMono,0.7,1.0,1,707,635,635,635
0.5,true,10,0.0,UnsynchMono,0.7,1.0,1,708,635,635,635
0.5,true,10,0.0,UnsynchMono,0.7,1.0,1,709,635,635,635
0.5,true,10,0.0,UnsynchMono,0.7,1.0,1,710,635,635,635
0.5,true,10,0.0,UnsynchMono,0.7,1.0,1,711,635,635,635
0.5,true,10,0.0,UnsynchMono,0.7,1.0,1,712,635,635,635
0.5,true,10,0.0,UnsynchMono,0.7,1.0,1,713,635,635,635
0.5,true,10,0.0,UnsynchMono,0.7,1.0,1,714,635,635,635
0.5,true,10,0.0,UnsynchMono,0.7,1.0,1,715,635,635,635
0.5,true,10,0.0,UnsynchMono,0.7,1.0,1,716,635,635,635
0.5,true,10,0.0,UnsynchMono,0.7,1.0,1,717,635,635,635
0.5,true,10,0.0,UnsynchMono,0.7,1.0,1,718,635,635,635
0.5,true,10,0.0,UnsynchMono,0.7,1.0,1,719,635,635,635
0.5,true,10,0.0,UnsynchMono,0.7,1.0,1,720,635,635,635
0.5,true,10,0.0,UnsynchMono,0.7,1.0,1,721,635,635,635
0.5,true,10,0.0,UnsynchMono,0.7,1.0,1,722,635,635,635
0.5,true,10,0.0,UnsynchMono,0.7,1.0,1,723,635,635,635
0.5,true,10,0.0,UnsynchMono,0.7,1.0,1,724,635,635,635
0.5,true,10,0.0,UnsynchMono,0.7,1.0,1,725,635,635,635
0.5,true,10,0.0,UnsynchMono,0.7,1.0,1,726,635,635,635
0.5,true,10,0.0,UnsynchMono,0.7,1.0,1,727,635,635,635
0.5,true,10,0.0,UnsynchMono,0.7,1.0,1,728,635,635,635
0.5,true,10,0.0,UnsynchMono,0.7,1.0,1,729,635,635,635
0.5,true,10,0.0,UnsynchMono,0.7,1.0,1,730,635,635,635
0.5,true,10,0.0,UnsynchMono,0.7,1.0,1,731,635,635,635
0.5,true,10,0.0,UnsynchMono,0.7,1.0,1,732,635,635,635
0.5,true,10,0.0,UnsynchMono,0.7,1.0,1,733,635,635,635
0.5,true,10,0.0,UnsynchMono,0.7,1.0,1,734,635,635,635
0.5,true,10,0.0,UnsynchMono,0.7,1.0,1,735,635,635,635
0.5,true,10,0.0,UnsynchMono,0.7,1.0,1,736,635,635,635
0.5,true,10,0.0,UnsynchMono,0.7,1.0,1,737,635,635,635
0.5,true,10,0.0,UnsynchMono,0.7,1.0,1,738,635,635,635
0.5,true,10,0.0,UnsynchMono,0.7,1.0,1,739,635,635,635
0.5,true,10,0.0,UnsynchMono,0.7,1.0,1,740,635,635,635
0.5,true,10,0.0,UnsynchMono,0.7,1.0,1,741,635,635,635
0.5,true,10,0.0,UnsynchMono,0.7,1.0,1,742,635,635,635
0.5,true,10,0.0,UnsynchMono,0.7,1.0,1,743,635,635,635
0.5,true,10,0.0,UnsynchMono,0.7,1.0,1,744,635,635,635
0.5,true,10,0.0,UnsynchMono,0.7,1.0,1,745,635,635,635
0.5,true,10,0.0,UnsynchMono,0.7,1.0,1,746,635,635,635
0.5,true,10,0.0,UnsynchMono,0.7,1.0,1,747,635,635,635
0.5,true,10,0.0,UnsynchMono,0.7,1.0,1,748,635,635,635
0.5,true,10,0.0,UnsynchMono,0.7,1.0,1,749,635,635,635
0.5,true,10,0.0,UnsynchMono,0.7,1.0,1,750,635,635,635
0.5,true,10,0.0,UnsynchMono,0.7,1.0,1,751,635,635,635
0.5,true,10,0.0,UnsynchMono,0.7,1.0,1,752,635,635,635
0.5,true,10,0.0,UnsynchMono,0.7,1.0,1,753,635,635,635
0.5,true,10,0.0,UnsynchMono,0.7,1.0,1,754,635,635,635
0.5,true,10,0.0,UnsynchMono,0.7,1.0,1,755,635,635,635
0.5,true,10,0.0,UnsynchMono,0.7,1.0,1,756,635,635,635
0.5,true,10,0.0,UnsynchMono,0.7,1.0,1,757,635,635,635
0.5,true,10,0.0,UnsynchMono,0.7,1.0,1,758,635,635,635
0.5,true,10,0.0,UnsynchMono,0.7,1.0,1,759,635,635,635
0.5,true,10,0.0,UnsynchMono,0.7,1.0,1,760,635,635,635
0.5,true,10,0.0,UnsynchMono,0.7,1.0,1,761,635,635,635
0.5,true,10,0.0,UnsynchMono,0.7,1.0,1,762,635,635,635
0.5,true,10,0.0,UnsynchMono,0.7,1.0,1,763,635,635,635
0.5,true,10,0.0,UnsynchMono,0.7,1.0,1,764,635,635,635
0.5,true,10,0.0,UnsynchMono,0.7,1.0,1,765,635,635,635
0.5,true,10,0.0,UnsynchMono,0.7,1.0,1,766,635,635,635
0.5,true,10,0.0,UnsynchMono,0.7,1.0,1,767,635,635,635
0.5,true,10,0.0,UnsynchMono,0.7,1.0,1,768,635,635,635
0.5,true,10,0.0,UnsynchMono,0.7,1.0,1,769,635,635,635
0.5,true,10,0.0,UnsynchMono,0.7,1.0,1,770,635,635,635
0.5,true,10,0.0,UnsynchMono,0.7,1.0,1,771,635,635,635
0.5,true,10,0.0,UnsynchMono,0.7,1.0,1,772,635,635,635
0.5,true,10,0.0,UnsynchMono,0.7,1.0,1,773,635,635,635
0.5,true,10,0.0,UnsynchMono,0.7,1.0,1,774,635,635,635
0.5,true,10,0.0,UnsynchMono,0.7,1.0,1,775,635,635,635
0.5,true,10,0.0,UnsynchMono,0.7,1.0,1,776,635,635,635
0.5,true,10,0.0,UnsynchMono,0.7,1.0,1,777,635,635,635
0.5,true,10,0.0,UnsynchMono,0.7,1.0,1,778,635,635,635
0.5,true,10,0.0,UnsynchMono,0.7,1.0,1,779,635,635,635
0.5,true,10,0.0,UnsynchMono,0.7,1.0,1,780,635,635,635
0.5,true,10,0.0,UnsynchMono,0.7,1.0,1,781,635,635,635
0.5,true,10,0.0,UnsynchMono,0.7,1.0,1,782,635,635,635
0.5,true,10,0.0,UnsynchMono,0.7,1.0,1,783,635,635,635
0.5,true,10,0.0,UnsynchMono,0.7,1.0,1,784,635,635,635
0.5,true,10,0.0,UnsynchMono,0.7,1.0,1,785,635,635,635
0.5,true,10,0.0,UnsynchMono,0.7,1.0,1,786,635,635,635
0.5,true,10,0.0,UnsynchMono,0.7,1.0,1,787,635,635,635
0.5,true,10,0.0,UnsynchMono,0.7,1.0,1,788,635,635,635
0.5,true,10,0.0,UnsynchMono,0.7,1.0,1,789,635,635,635
0.5,true,10,0.0,UnsynchMono,0.7,1.0,1,790,635,635,635
0.5,true,10,0.0,UnsynchMono,0.7,1.0,1,791,635,635,635
0.5,true,10,0.0,UnsynchMono,0.7,1.0,1,792,635,635,635
0.5,true,10,0.0,UnsynchMono,0.7,1.0,1,793,635,635,635
0.5,true,10,0.0,UnsynchMono,0.7,1.0,1,794,635,635,635
0.5,true,10,0.0,UnsynchMono,0.7,1.0,1,795,635,635,635
0.5,true,10,0.0,UnsynchMono,0.7,1.0,1,796,635,635,635
0.5,true,10,0.0,UnsynchMono,0.7,1.0,1,797,635,635,635
0.5,true,10,0.0,UnsynchMono,0.7,1.0,1,798,635,635,635
0.5,true,10,0.0,UnsynchMono,0.7,1.0,1,799,635,635,635
0.5,true,10,0.0,UnsynchMono,0.7,1.0,1,800,635,635,635
0.5,true,10,0.0,UnsynchMono,0.7,1.0,1,801,635,635,635
0.5,true,10,0.0,UnsynchMono,0.7,1.0,1,802,635,635,635
0.5,true,10,0.0,UnsynchMono,0.7,1.0,1,803,635,635,635
0.5,true,10,0.0,UnsynchMono,0.7,1.0,1,804,635,635,635
0.5,true,10,0.0,UnsynchMono,0.7,1.0,1,805,635,635,635
0.5,true,10,0.0,UnsynchMono,0.7,1.0,1,806,635,635,635
0.5,true,10,0.0,UnsynchMono,0.7,1.0,1,807,635,635,635
0.5,true,10,0.0,UnsynchMono,0.7,1.0,1,808,635,635,635
0.5,true,10,0.0,UnsynchMono,0.7,1.0,1,809,635,635,635
0.5,true,10,0.0,UnsynchMono,0.7,1.0,1,810,635,635,635
0.5,true,10,0.0,UnsynchMono,0.7,1.0,1,811,635,635,635
0.5,true,10,0.0,UnsynchMono,0.7,1.0,1,812,635,635,635
0.5,true,10,0.0,UnsynchMono,0.7,1.0,1,813,635,635,635
0.5,true,10,0.0,UnsynchMono,0.7,1.0,1,814,635,635,635
0.5,true,10,0.0,UnsynchMono,0.7,1.0,1,815,635,635,635
0.5,true,10,0.0,UnsynchMono,0.7,1.0,1,816,635,635,635
0.5,true,10,0.0,UnsynchMono,0.7,1.0,1,817,635,635,635
0.5,true,10,0.0,UnsynchMono,0.7,1.0,1,818,635,635,635
0.5,true,10,0.0,UnsynchMono,0.7,1.0,1,819,635,635,635
0.5,true,10,0.0,UnsynchMono,0.7,1.0,1,820,635,635,635
0.5,true,10,0.0,UnsynchMono,0.7,1.0,1,821,635,635,635
0.5,true,10,0.0,UnsynchMono,0.7,1.0,1,822,635,635,635
0.5,true,10,0.0,UnsynchMono,0.7,1.0,1,823,635,635,635
0.5,true,10,0.0,UnsynchMono,0.7,1.0,1,824,635,635,635
0.5,true,10,0.0,UnsynchMono,0.7,1.0,1,825,635,635,635
0.5,true,10,0.0,UnsynchMono,0.7,1.0,1,826,635,635,635
0.5,true,10,0.0,UnsynchMono,0.7,1.0,1,827,635,635,635
0.5,true,10,0.0,UnsynchMono,0.7,1.0,1,828,635,635,635
0.5,true,10,0.0,UnsynchMono,0.7,1.0,1,829,635,635,635
0.5,true,10,0.0,UnsynchMono,0.7,1.0,1,830,635,635,635
0.5,true,10,0.0,UnsynchMono,0.7,1.0,1,831,635,635,635
0.5,true,10,0.0,UnsynchMono,0.7,1.0,1,832,635,635,635
0.5,true,10,0.0,UnsynchMono,0.7,1.0,1,833,635,635,635
0.5,true,10,0.0,UnsynchMono,0.7,1.0,1,834,635,635,635
0.5,true,10,0.0,UnsynchMono,0.7,1.0,1,835,635,635,635
0.5,true,10,0.0,UnsynchMono,0.7,1.0,1,836,635,635,635
0.5,true,10,0.0,UnsynchMono,0.7,1.0,1,837,635,635,635
0.5,true,10,0.0,UnsynchMono,0.7,1.0,1,838,635,635,635
0.5,true,10,0.0,UnsynchMono,0.7,1.0,1,839,635,635,635
0.5,true,10,0.0,UnsynchMono,0.7,1.0,1,840,635,635,635
0.5,true,10,0.0,UnsynchMono,0.7,1.0,1,841,635,635,635
0.5,true,10,0.0,UnsynchMono,0.7,1.0,1,842,635,635,635
0.5,true,10,0.0,UnsynchMono,0.7,1.0,1,843,635,635,635
0.5,true,10,0.0,UnsynchMono,0.7,1.0,1,844,635,635,635
0.5,true,10,0.0,UnsynchMono,0.7,1.0,1,845,635,635,635
0.5,true,10,0.0,UnsynchMono,0.7,1.0,1,846,635,635,635
0.5,true,10,0.0,UnsynchMono,0.7,1.0,1,847,635,635,635
0.5,true,10,0.0,UnsynchMono,0.7,1.0,1,848,635,635,635
0.5,true,10,0.0,UnsynchMono,0.7,1.0,1,849,635,635,635
0.5,true,10,0.0,UnsynchMono,0.7,1.0,1,850,635,635,635
0.5,true,10,0.0,UnsynchMono,0.7,1.0,1,851,635,635,635
0.5,true,10,0.0,UnsynchMono,0.7,1.0,1,852,635,635,635
0.5,true,10,0.0,UnsynchMono,0.7,1.0,1,853,635,635,635
0.5,true,10,0.0,UnsynchMono,0.7,1.0,1,854,635,635,635
0.5,true,10,0.0,UnsynchMono,0.7,1.0,1,855,635,635,635
0.5,true,10,0.0,UnsynchMono,0.7,1.0,1,856,635,635,635
0.5,true,10,0.0,UnsynchMono,0.7,1.0,1,857,635,635,635
0.5,true,10,0.0,UnsynchMono,0.7,1.0,1,858,635,635,635
0.5,true,10,0.0,UnsynchMono,0.7,1.0,1,859,635,635,635
0.5,true,10,0.0,UnsynchMono,0.7,1.0,1,860,635,635,635
0.5,true,10,0.0,UnsynchMono,0.7,1.0,1,861,635,635,635
0.5,true,10,0.0,UnsynchMono,0.7,1.0,1,862,635,635,635
0.5,true,10,0.0,UnsynchMono,0.7,1.0,1,863,635,635,635
0.5,true,10,0.0,UnsynchMono,0.7,1.0,1,864,635,635,635
0.5,true,10,0.0,UnsynchMono,0.7,1.0,1,865,635,635,635
0.5,true,10,0.0,UnsynchMono,0.7,1.0,1,866,635,635,635
0.5,true,10,0.0,UnsynchMono,0.7,1.0,1,867,635,635,635
0.5,true,10,0.0,UnsynchMono,0.7,1.0,1,868,635,635,635
0.5,true,10,0.0,UnsynchMono,0.7,1.0,1,869,635,635,635
0.5,true,10,0.0,UnsynchMono,0.7,1.0,1,870,635,635,635
0.5,true,10,0.0,UnsynchMono,0.7,1.0,1,871,635,635,635
0.5,true,10,0.0,UnsynchMono,0.7,1.0,1,872,635,635,635
0.5,true,10,0.0,UnsynchMono,0.7,1.0,1,873,635,635,635
0.5,true,10,0.0,UnsynchMono,0.7,1.0,1,874,635,635,635
0.5,true,10,0.0,UnsynchMono,0.7,1.0,1,875,635,635,635
0.5,true,10,0.0,UnsynchMono,0.7,1.0,1,876,635,635,635
0.5,true,10,0.0,UnsynchMono,0.7,1.0,1,877,635,635,635
0.5,true,10,0.0,UnsynchMono,0.7,1.0,1,878,635,635,635
0.5,true,10,0.0,UnsynchMono,0.7,1.0,1,879,635,635,635
0.5,true,10,0.0,UnsynchMono,0.7,1.0,1,880,635,635,635
0.5,true,10,0.0,UnsynchMono,0.7,1.0,1,881,635,635,635
0.5,true,10,0.0,UnsynchMono,0.7,1.0,1,882,635,635,635
0.5,true,10,0.0,UnsynchMono,0.7,1.0,1,883,635,635,635
0.5,true,10,0.0,UnsynchMono,0.7,1.0,1,884,635,635,635
0.5,true,10,0.0,UnsynchMono,0.7,1.0,1,885,635,635,635
0.5,true,10,0.0,UnsynchMono,0.7,1.0,1,886,635,635,635
0.5,true,10,0.0,UnsynchMono,0.7,1.0,1,887,635,635,635
0.5,true,10,0.0,UnsynchMono,0.7,1.0,1,888,635,635,635
0.5,true,10,0.0,UnsynchMono,0.7,1.0,1,889,635,635,635
0.5,true,10,0.0,UnsynchMono,0.7,1.0,1,890,635,635,635
0.5,true,10,0.0,UnsynchMono,0.7,1.0,1,891,635,635,635
0.5,true,10,0.0,UnsynchMono,0.7,1.0,1,892,635,635,635
0.5,true,10,0.0,UnsynchMono,0.7,1.0,1,893,635,635,635
0.5,true,10,0.0,UnsynchMono,0.7,1.0,1,894,635,635,635
0.5,true,10,0.0,UnsynchMono,0.7,1.0,1,895,635,635,635
0.5,true,10,0.0,UnsynchMono,0.7,1.0,1,896,635,635,635
0.5,true,10,0.0,UnsynchMono,0.7,1.0,1,897,635,635,635
0.5,true,10,0.0,UnsynchMono,0.7,1.0,1,898,635,635,635
0.5,true,10,0.0,UnsynchMono,0.7,1.0,1,899,635,635,635
0.5,true,10,0.0,UnsynchMono,0.7,1.0,1,900,635,635,635
0.5,true,10,0.0,UnsynchMono,0.7,1.0,1,901,635,635,635
0.5,true,10,0.0,UnsynchMono,0.7,1.0,1,902,635,635,635
0.5,true,10,0.0,UnsynchMono,0.7,1.0,1,903,635,635,635
0.5,true,10,0.0,UnsynchMono,0.7,1.0,1,904,635,635,635
0.5,true,10,0.0,UnsynchMono,0.7,1.0,1,905,635,635,635
0.5,true,10,0.0,UnsynchMono,0.7,1.0,1,906,635,635,635
0.5,true,10,0.0,UnsynchMono,0.7,1.0,1,907,635,635,635
0.5,true,10,0.0,UnsynchMono,0.7,1.0,1,908,635,635,635
0.5,true,10,0.0,UnsynchMono,0.7,1.0,1,909,635,635,635
0.5,true,10,0.0,UnsynchMono,0.7,1.0,1,910,635,635,635
0.5,true,10,0.0,UnsynchMono,0.7,1.0,1,911,635,635,635
0.5,true,10,0.0,UnsynchMono,0.7,1.0,1,912,635,635,635
0.5,true,10,0.0,UnsynchMono,0.7,1.0,1,913,635,635,635
0.5,true,10,0.0,UnsynchMono,0.7,1.0,1,914,635,635,635
0.5,true,10,0.0,UnsynchMono,0.7,1.0,1,915,635,635,635
0.5,true,10,0.0,UnsynchMono,0.7,1.0,1,916,635,635,635
0.5,true,10,0.0,UnsynchMono,0.7,1.0,1,917,635,635,635
0.5,true,10,0.0,UnsynchMono,0.7,1.0,1,918,635,635,635
0.5,true,10,0.0,UnsynchMono,0.7,1.0,1,919,635,635,635
0.5,true,10,0.0,UnsynchMono,0.7,1.0,1,920,635,635,635
0.5,true,10,0.0,UnsynchMono,0.7,1.0,1,921,635,635,635
0.5,true,10,0.0,UnsynchMono,0.7,1.0,1,922,635,635,635
0.5,true,10,0.0,UnsynchMono,0.7,1.0,1,923,635,635,635
0.5,true,10,0.0,UnsynchMono,0.7,1.0,1,924,635,635,635
0.5,true,10,0.0,UnsynchMono,0.7,1.0,1,925,635,635,635
0.5,true,10,0.0,UnsynchMono,0.7,1.0,1,926,635,635,635
0.5,true,10,0.0,UnsynchMono,0.7,1.0,1,927,635,635,635
0.5,true,10,0.0,UnsynchMono,0.7,1.0,1,928,635,635,635
0.5,true,10,0.0,UnsynchMono,0.7,1.0,1,929,635,635,635
0.5,true,10,0.0,UnsynchMono,0.7,1.0,1,930,635,635,635
0.5,true,10,0.0,UnsynchMono,0.7,1.0,1,931,635,635,635
0.5,true,10,0.0,UnsynchMono,0.7,1.0,1,932,635,635,635
0.5,true,10,0.0,UnsynchMono,0.7,1.0,1,933,635,635,635
0.5,true,10,0.0,UnsynchMono,0.7,1.0,1,934,635,635,635
0.5,true,10,0.0,UnsynchMono,0.7,1.0,1,935,635,635,635
0.5,true,10,0.0,UnsynchMono,0.7,1.0,1,936,635,635,635
0.5,true,10,0.0,UnsynchMono,0.7,1.0,1,937,635,635,635
0.5,true,10,0.0,UnsynchMono,0.7,1.0,1,938,635,635,635
0.5,true,10,0.0,UnsynchMono,0.7,1.0,1,939,635,635,635
0.5,true,10,0.0,UnsynchMono,0.7,1.0,1,940,635,635,635
0.5,true,10,0.0,UnsynchMono,0.7,1.0,1,941,635,635,635
0.5,true,10,0.0,UnsynchMono,0.7,1.0,1,942,635,635,635
0.5,true,10,0.0,UnsynchMono,0.7,1.0,1,943,635,635,635
0.5,true,10,0.0,UnsynchMono,0.7,1.0,1,944,635,635,635
0.5,true,10,0.0,UnsynchMono,0.7,1.0,1,945,635,635,635
0.5,true,10,0.0,UnsynchMono,0.7,1.0,1,946,635,635,635
0.5,true,10,0.0,UnsynchMono,0.7,1.0,1,947,635,635,635
0.5,true,10,0.0,UnsynchMono,0.7,1.0,1,948,635,635,635
0.5,true,10,0.0,UnsynchMono,0.7,1.0,1,949,635,635,635
0.5,true,10,0.0,UnsynchMono,0.7,1.0,1,950,635,635,635
0.5,true,10,0.0,UnsynchMono,0.7,1.0,1,951,635,635,635
0.5,true,10,0.0,UnsynchMono,0.7,1.0,1,952,635,635,635
0.5,true,10,0.0,UnsynchMono,0.7,1.0,1,953,635,635,635
0.5,true,10,0.0,UnsynchMono,0.7,1.0,1,954,635,635,635
0.5,true,10,0.0,UnsynchMono,0.7,1.0,1,955,635,635,635
0.5,true,10,0.0,UnsynchMono,0.7,1.0,1,956,635,635,635
0.5,true,10,0.0,UnsynchMono,0.7,1.0,1,957,635,635,635
0.5,true,10,0.0,UnsynchMono,0.7,1.0,1,958,635,635,635
0.5,true,10,0.0,UnsynchMono,0.7,1.0,1,959,635,635,635
0.5,true,10,0.0,UnsynchMono,0.7,1.0,1,960,635,635,635
0.5,true,10,0.0,UnsynchMono,0.7,1.0,1,961,635,635,635
0.5,true,10,0.0,UnsynchMono,0.7,1.0,1,962,635,635,635
0.5,true,10,0.0,UnsynchMono,0.7,1.0,1,963,635,635,635
0.5,true,10,0.0,UnsynchMono,0.7,1.0,1,964,635,635,635
0.5,true,10,0.0,UnsynchMono,0.7,1.0,1,965,635,635,635
0.5,true,10,0.0,UnsynchMono,0.7,1.0,1,966,635,635,635
0.5,true,10,0.0,UnsynchMono,0.7,1.0,1,967,635,635,635
0.5,true,10,0.0,UnsynchMono,0.7,1.0,1,968,635,635,635
0.5,true,10,0.0,UnsynchMono,0.7,1.0,1,969,635,635,635
0.5,true,10,0.0,UnsynchMono,0.7,1.0,1,970,635,635,635
0.5,true,10,0.0,UnsynchMono,0.7,1.0,1,971,635,635,635
0.5,true,10,0.0,UnsynchMono,0.7,1.0,1,972,635,635,635
0.5,true,10,0.0,UnsynchMono,0.7,1.0,1,973,635,635,635
0.5,true,10,0.0,UnsynchMono,0.7,1.0,1,974,635,635,635
0.5,true,10,0.0,UnsynchMono,0.7,1.0,1,975,635,635,635
0.5,true,10,0.0,UnsynchMono,0.7,1.0,1,976,635,635,635
0.5,true,10,0.0,UnsynchMono,0.7,1.0,1,977,635,635,635
0.5,true,10,0.0,UnsynchMono,0.7,1.0,1,978,635,635,635
0.5,true,10,0.0,UnsynchMono,0.7,1.0,1,979,635,635,635
0.5,true,10,0.0,UnsynchMono,0.7,1.0,1,980,635,635,635
0.5,true,10,0.0,UnsynchMono,0.7,1.0,1,981,635,635,635
0.5,true,10,0.0,UnsynchMono,0.7,1.0,1,982,635,635,635
0.5,true,10,0.0,UnsynchMono,0.7,1.0,1,983,635,635,635
0.5,true,10,0.0,UnsynchMono,0.7,1.0,1,984,635,635,635
0.5,true,10,0.0,UnsynchMono,0.7,1.0,1,985,635,635,635
0.5,true,10,0.0,UnsynchMono,0.7,1.0,1,986,635,635,635
0.5,true,10,0.0,UnsynchMono,0.7,1.0,1,987,635,635,635
0.5,true,10,0.0,UnsynchMono,0.7,1.0,1,988,635,635,635
0.5,true,10,0.0,UnsynchMono,0.7,1.0,1,989,635,635,635
0.5,true,10,0.0,UnsynchMono,0.7,1.0,1,990,635,635,635
0.5,true,10,0.0,UnsynchMono,0.7,1.0,1,991,635,635,635
0.5,true,10,0.0,UnsynchMono,0.7,1.0,1,992,635,635,635
0.5,true,10,0.0,UnsynchMono,0.7,1.0,1,993,635,635,635
0.5,true,10,0.0,UnsynchMono,0.7,1.0,1,994,635,635,635
0.5,true,10,0.0,UnsynchMono,0.7,1.0,1,995,635,635,635
0.5,true,10,0.0,UnsynchMono,0.7,1.0,1,996,635,635,635
0.5,true,10,0.0,UnsynchMono,0.7,1.0,1,997,635,635,635
0.5,true,10,0.0,UnsynchMono,0.7,1.0,1,998,635,635,635
0.5,true,10,0.0,UnsynchMono,0.7,1.0,1,999,635,635,635
